{
  "Left eye": {
    "position": [
      177.0,
      218.0,
      67.0
    ]
  },
  "Nephridia1": {
    "position": [
      96.60291585539845,
      146.7972323927267,
      185.4679511451342
    ]
  },
  "Nephridia1-end-of-cilia": {
    "position": [
      70.98852643983105,
      121.02217692079869,
      218.4184352478732
    ],
    "view": [
      13.807572801786606,
      -1.8111383840173014,
      -5.574110788036241,
      857.3394174845511,
      0.0,
      14.265847744427303,
      -4.635254915624211,
      -413.814106587081,
      5.860966927339106,
      4.266774646821368,
      13.131782087358882,
      -3803.2535090112333
    ]
  }
}