label_id	Cardiovascular system	Midgut	Motile cilia	Central nervous system	Stem cells	Somatic musculature	Developing neurons	Epidermis	Gland cells	Heme/chitin	Anterior nervous system	Glia	Macrophage	Enteric nervous system	Adult eye	zero	autofluorescence	most probable cluster
6	5.93015907988209e-17	1.535939687688657e-17	0.9999054411018073	1.3001742231439027e-06	4.639553632843483e-08	2.343717923074862e-22	9.302077909936273e-05	2.4478010453346843e-12	1.8993126158715324e-11	1.9152774430800333e-07	6.560524782530544e-17	4.2709952444139036e-18	9.477051584819057e-16	1.4778956915895193e-13	1.156350267491995e-19	1.8453457853020752e-31	0.0	Motile cilia
10	7.749854054695914e-21	3.1943440476657284e-24	0.9986446825081106	4.812644586648967e-05	2.550548110341024e-10	8.620966329743217e-24	0.0013071905769975187	3.97085557633814e-15	3.0627171432608736e-15	2.1367099254359193e-10	2.2532335570554264e-18	8.228086051680616e-22	1.103472200053226e-19	2.9273997945301854e-13	1.2334130387856685e-22	9.81583627489169e-44	0.0	Motile cilia
23	5.387821634973333e-21	6.477351932480634e-24	0.04561444368222731	0.31201943786980585	4.852361634144245e-13	8.637522612911934e-26	0.6423661145686012	6.817719558499623e-18	2.0245303789123345e-15	9.442399471000834e-14	3.87878120538834e-09	3.0931049430458855e-18	3.9901179686566607e-25	2.6009322624420647e-15	1.9613466346684056e-22	5.957994709414582e-45	0.0	Developing neurons
39	5.150605895095136e-17	4.0756722270973354e-17	0.0039297889307076525	0.5657421107589915	1.1380574571318138e-10	1.366458752336517e-22	0.43032135208785277	9.829462350000403e-14	6.693607181009035e-11	5.282302480113146e-12	6.745649740163152e-06	1.8014044726652916e-14	5.699489570675846e-16	2.3865666890428572e-09	6.459238711638333e-17	7.163600936118407e-28	0.0	Central nervous system
58	1.5442195652296038e-18	6.326844405348044e-19	8.34287934696666e-06	0.7069454961644276	1.632031198921269e-12	2.437933297100942e-23	0.2930461367921674	6.010196024709401e-16	1.3534084458121732e-13	6.878036859801995e-13	2.415001333583284e-08	4.730314853953289e-18	4.7369644825899435e-20	1.1588979222297417e-11	2.866952386249022e-21	3.7226891770639044e-37	0.0	Central nervous system
80	4.2361703591208674e-19	4.8071654773491667e-20	8.040305742394748e-06	0.9248561898389702	5.185461237361954e-12	7.85433575705205e-24	0.07513576926574714	2.939111996521818e-16	7.765387870922469e-14	3.286165977428183e-13	5.5789555069268e-10	1.2644822521762603e-16	2.5573547878686832e-20	2.596632432668933e-11	8.606209518031704e-14	2.8956188739205944e-35	0.0	Central nervous system
95	0.00018042309239481806	0.0006940915079726457	0.8608875058423276	0.01425062565432159	0.00592434162416649	4.136249865768781e-05	0.004017232080418862	0.0004906234941740716	0.05195153277925276	0.061162473519514836	7.72222622857376e-06	3.398703036610595e-06	0.00026543595461819917	0.00012311023420997187	7.826060223995935e-08	4.2528102880190834e-08	0.0	Motile cilia
100	0.19884379024628535	0.0009614494594074411	0.01853726742039948	1.5667391008519963e-05	0.09407264045887467	0.3713551978276589	0.00016914127751695423	0.01410786773182402	0.20768415416272493	0.0787697615626285	4.531422125796359e-05	9.02642842795194e-06	0.015422817621556643	3.593735497989235e-07	1.1476313108770491e-06	4.397185567912956e-06	0.0	Somatic musculature
118	8.986023976138213e-21	1.5510481457431638e-21	4.2168551155129865e-09	9.718782398170456e-07	1.569800027929875e-15	2.2835331623938412e-26	1.1756136372117818e-07	2.790012986846616e-18	4.251828474563403e-19	4.518522555794621e-17	0.9999988908437611	1.4120061438254642e-17	8.624023339509728e-22	1.549977853769689e-08	4.2635962236793164e-20	2.4534611935976573e-33	0.0	Anterior nervous system
124	9.09345118618535e-25	1.4503971690539523e-26	2.4901083080758613e-10	0.0033758592989436083	1.3424590135366225e-19	4.368692537909321e-29	0.0007274423570772752	3.406499744908732e-22	7.176382665877338e-19	1.8919531202351828e-20	0.9958966978980712	1.6764307118208105e-23	1.5155282908496666e-28	1.9689713261231165e-10	1.4811803023783213e-23	7.232439277783396e-46	0.0	Anterior nervous system
148	9.424913114822638e-13	6.440236730532806e-12	0.07833400436083733	0.9198769285818917	2.591603405855447e-06	5.1326691203934515e-17	0.0017417765615849502	9.924292919023797e-10	4.456808906776485e-05	9.56177636416642e-09	8.778194123907362e-08	6.424987218733922e-10	1.2827363164461753e-10	3.0412275963568276e-08	1.2766344147620477e-09	1.1125395403401547e-17	0.0	Central nervous system
251	2.17756097133442e-08	3.374659342732095e-09	0.00018684460259244936	0.0013735505098150412	1.0843029940999242e-05	1.6146702842907846e-12	0.954982867755193	9.24289861152643e-06	5.4886323563761954e-05	5.843816401031625e-06	0.0433751697107889	5.498168855907626e-10	1.6423560595328965e-08	7.084683013579964e-07	2.1679222884597959e-10	5.427384057703253e-10	0.0	Developing neurons
269	0.0031786301005552594	0.00028687103428591386	0.016258329484485193	0.41493317076513125	0.014112041220734306	2.2043071193979998e-08	0.5387634818207975	0.0002320137978302006	0.0038334082232421196	0.0018600788327897614	0.004756128539700859	5.2994134837922174e-05	0.00025366652089420905	0.0014536841830744762	3.6387205619422816e-08	2.5442911364419768e-05	0.0	Developing neurons
291	0.009729260324949553	0.0021978882346579778	0.6346046915463684	0.237638499266875	0.041361949268767226	0.001709317841127339	0.020666074848446143	0.0001614104971985725	0.03477981636155558	0.00182589841851515	0.0002442549799333653	2.4510824538308935e-06	0.014340405167095982	0.0007375301715605928	3.9420542641567513e-07	1.5778506875736545e-07	0.0	Motile cilia
436	3.056443091667346e-09	4.540602412530228e-08	0.007928560197320238	0.00010458596624281089	0.0004406517019103885	3.561024442246148e-15	0.01181451113014918	0.9579585039319439	4.763001634485453e-08	0.021679141507121892	7.354481178642275e-05	3.547306528688147e-09	1.4276422893106034e-09	3.9968605012231306e-07	3.8764346519468747e-14	2.6141578279097677e-17	0.0	Epidermis
505	7.491705052146136e-15	1.354061832787852e-15	0.9999514533774172	1.4928224079832157e-06	3.174333602249944e-09	7.730212836127192e-21	4.7048447263890096e-05	2.1949409424662406e-10	6.968598089164407e-13	9.931885608117696e-10	9.137823271111056e-13	2.72758284978668e-13	1.0994392488616197e-13	9.638926427806498e-10	1.0018279299239074e-19	1.6116388392615353e-29	0.0	Motile cilia
510	1.5359880101326264e-16	5.6591879525703085e-18	0.9999019573806024	1.2976511374804134e-05	7.376349878341512e-11	2.3931367658498386e-21	8.506565194926163e-05	3.990824056550505e-14	2.438049587204693e-11	1.531495137436846e-10	6.780906300717021e-13	3.6673918255510496e-16	3.428516908832315e-15	2.0405809381515423e-10	6.3151943960265986e-18	2.7333747860848317e-24	0.0	Motile cilia
537	7.788965393780784e-14	1.4487781525202731e-15	0.9334991135739148	2.4927933762805146e-06	0.0002518279746364384	1.7925247137139246e-18	0.003559024382484574	0.0002782864130649305	1.2525862243931843e-08	0.06240924227726353	1.3697772840522812e-17	5.829892964410943e-15	1.0048583508848784e-12	5.830722540005183e-11	1.0961303498434154e-19	8.874004284220785e-32	0.0	Motile cilia
636	3.049710933120575e-14	9.317309624021766e-14	0.0560685809671628	0.9029185671769735	3.460465407642441e-09	1.9448335277971332e-19	0.041012522286255404	4.2443794231639e-10	4.863442667120219e-10	2.8970076510064727e-08	3.0242845148205487e-09	6.741758737828162e-16	7.441110204739525e-15	2.932038678533258e-07	2.3036092419640763e-21	3.9203996075612834e-33	0.0	Central nervous system
637	4.673279107725393e-13	1.9409382406677515e-11	0.005607200552802953	0.9129984200737565	6.561292642511107e-07	2.988839824851127e-19	0.0813872006693664	5.4057399541014696e-09	1.5631957917139875e-09	5.839870079585914e-06	6.07656412677112e-07	1.0751336711716911e-16	1.0293227250022505e-14	6.805949477161703e-08	2.558760222739341e-20	2.1652349072487145e-28	0.0	Central nervous system
641	4.145944162103836e-18	4.610170563341376e-18	1.7609414617097817e-05	0.9022448173836104	7.950856810392587e-12	9.749369579903962e-23	0.097737573171774	3.622083294459937e-13	9.988296710936009e-13	7.76691136869315e-12	8.477708469554877e-12	2.358769798794264e-19	7.110933573397634e-20	4.442044084441736e-12	4.4967832577685514e-23	2.8463086512701997e-37	0.0	Central nervous system
642	1.8686891847125136e-15	1.821116832398984e-15	3.707944306137878e-05	0.9349863548822053	2.807867594645387e-10	9.563038706101875e-21	0.06497654886655034	2.027939056376705e-11	1.780821088394901e-10	7.206771105785805e-10	1.5594090934721235e-08	6.197400822762444e-17	6.007830896024249e-17	1.4263273622917141e-11	5.107231783780093e-21	7.401014461442711e-32	0.0	Central nervous system
645	1.5313704065161932e-15	5.006408049974814e-15	0.9989187048662529	6.889144658497533e-05	2.402419911885857e-10	2.8789545328209514e-20	0.0010121832801229201	1.1012235757991852e-12	2.104259235027749e-12	1.115326299229219e-10	2.7511687345130613e-12	6.37112203132873e-18	7.778073167285131e-16	2.2004930054463516e-07	2.8885031944640983e-21	1.100097591087549e-32	0.0	Motile cilia
649	9.070391734264323e-19	4.295632133654307e-23	0.9569115475693898	0.00010621250877740441	2.3564566465036766e-13	2.0523124907884567e-24	0.04298223981108823	1.5837256395456372e-15	6.193163951565739e-15	9.113276543712282e-14	3.0806219069060693e-12	6.0875033495936316e-21	7.932681838854884e-22	1.0732949174388768e-10	2.0480001286386116e-23	6.549051834050602e-43	0.0	Motile cilia
653	8.141764825571957e-17	8.871790419301434e-18	0.9999971378791433	6.273836620113232e-08	1.9886777505471682e-08	8.971029035388622e-23	2.5952639104600555e-06	1.7722358442790413e-07	3.964980019026489e-15	7.007325682601442e-09	1.1256094804221928e-16	1.5091513865404379e-18	4.384315349586084e-17	8.881711092056607e-13	7.111424201398996e-23	2.673442080056272e-44	0.0	Motile cilia
656	1.7644844952779204e-15	3.349629706795925e-16	0.9999379102910224	8.180344542052011e-07	4.390770215662731e-07	2.475754427812704e-20	5.964343439370447e-05	6.038437349679682e-07	8.397645555235623e-12	5.852571389888145e-07	1.2102631717358656e-15	7.960155360005392e-17	6.752791486923186e-14	5.376545950781029e-11	6.238731766001482e-19	6.783248484404438e-39	0.0	Motile cilia
674	3.4590702913185386e-12	3.623149722033534e-15	0.6402983767794933	6.44316692003067e-06	8.848459323399509e-05	2.659200221097094e-17	0.10336156598602067	6.614097269983114e-06	6.4873076831858955e-06	0.2562320280020576	1.475274040562049e-14	3.888599116781724e-16	3.040406169319457e-12	6.080291435569269e-11	5.39992989891203e-17	8.557302155809879e-32	0.0	Motile cilia
675	2.5116709095530556e-20	1.3413152835519223e-22	0.989978623410649	0.0003444949030193208	8.071157608155328e-09	6.03761174135323e-25	0.009676869145167502	1.580874240389197e-15	1.3177820098173224e-13	4.467468838717547e-09	7.250303357651497e-19	2.0337606748726403e-20	2.533950782696799e-20	2.4042564668483036e-12	1.8538366428118172e-22	8.928462749074728e-44	0.0	Motile cilia
678	2.637478364593949e-22	5.728632480604363e-23	0.9998928690634707	9.607123380027944e-07	6.940979564820189e-13	4.5275450106765565e-27	0.00010617013274824365	8.930679573773426e-17	1.0734025021808115e-15	1.203082781017478e-13	1.415937139909248e-17	2.5494925613093844e-20	1.5924184898566432e-21	9.062737601635949e-11	5.983370115489437e-24	9.858573776508398e-42	0.0	Motile cilia
680	1.3681376443539382e-22	7.448917711143414e-22	0.9972952086948367	8.043506260153222e-05	1.7248872917619035e-14	7.344895071854037e-27	0.002624354587784389	4.604781817263864e-19	1.0769681483965544e-16	1.2641574778784311e-14	4.836251174703457e-16	2.6206556202071956e-22	1.1347689406183167e-24	1.654746776085796e-09	3.604034823463719e-25	4.946568735843074e-45	0.0	Motile cilia
693	9.098610625732903e-17	2.8253350549449054e-16	1.0164607395333248e-05	0.9966499176162021	5.186276300176263e-12	2.2395894221182222e-22	0.003339751141667229	3.6639041458311384e-14	3.246628504958272e-13	1.9795236671603163e-12	6.244989940659787e-09	2.1083464508078241e-19	5.3543990942692873e-20	1.6038221789192927e-07	2.900117351925647e-20	2.9938366124388864e-34	0.0	Central nervous system
716	2.963244785716084e-17	1.0511001162454477e-17	0.999906205022156	2.0489896850604405e-05	4.628163981378933e-10	2.1276918837036845e-23	7.330366131512626e-05	1.4892360180558827e-14	4.1338146105813576e-11	5.086953722718917e-10	3.325312431393062e-14	1.5670419497244898e-13	1.5632660859200656e-16	4.0662332193162027e-10	2.418941036627605e-19	6.882273835070804e-28	0.0	Motile cilia
734	1.4064486468712758e-20	6.777620688718932e-22	0.9998967086116848	1.2208134535763953e-06	5.728885073196563e-13	9.383306195427864e-26	0.0001020702755494167	2.76708520557235e-15	3.2127698497078686e-15	4.3698891050906903e-13	6.062813989510689e-15	6.855995791997539e-19	2.9250947383311536e-19	2.98290316951123e-10	6.91868622358247e-22	6.0590911528298815e-40	0.0	Motile cilia
771	2.6694338158753987e-14	7.707353396426937e-17	0.2573501099240493	0.0017971196366907936	6.529508818659313e-06	5.548501477632804e-18	0.7405814075555098	2.3769427263347536e-08	4.808693038721961e-13	0.00026480844535662555	1.7139243006760896e-12	7.859581942277064e-19	3.7597519968148836e-14	1.15788822663501e-09	9.82698852049316e-20	3.282417905959316e-33	0.0	Developing neurons
774	9.751345285577971e-22	5.612123907854162e-25	0.0018810491896409172	9.317761397603492e-06	1.4652833536442097e-09	7.331391549322941e-25	0.998109626863052	3.889393638428223e-14	1.7354422940207175e-17	4.720437019705408e-09	5.593774235164055e-17	3.0270309275741684e-24	2.315710721924055e-22	1.5006983876834767e-13	2.58350509634664e-25	4.573373492461848e-46	0.0	Developing neurons
778	2.291881818623871e-20	1.000869640007773e-23	0.9601526594062582	0.00013718544585202631	8.637280396810448e-09	2.2825295049408513e-23	0.03971012467027119	1.2385806642145645e-13	5.743217834498979e-15	2.161810536373681e-08	6.084703614236111e-19	1.1737036384282564e-23	6.4210612007257665e-21	2.221032924082132e-10	5.520178516547561e-22	3.81241822562661e-45	0.0	Motile cilia
780	6.269738251176806e-20	2.5379570490021817e-23	0.9998838088827767	9.425597487252462e-07	2.5288590167284106e-09	1.1634240267422547e-20	0.00011482089328067237	3.948596136396169e-09	3.0532020592731246e-14	4.2110949934640357e-07	1.4846765380620857e-17	2.884048335192261e-17	4.21520774985243e-20	7.720879309110149e-11	2.828257048678446e-21	3.0330992956874754e-48	0.0	Motile cilia
788	2.690242342420892e-20	4.880193872244155e-22	0.6415094571363866	0.025547054773006513	1.6981851700213579e-10	1.5553271087699962e-25	0.33294340667373695	3.1787226756424432e-15	3.3807896297817245e-15	6.463070138374444e-10	1.2898150218216004e-14	3.0082192238579964e-15	5.953165386466521e-21	8.060072195455079e-08	2.2791883785279988e-21	1.5498901584970092e-49	0.0	Motile cilia
812	4.738907596436525e-22	3.4776347343524235e-24	0.46249053994835965	0.00018729117365620798	1.6550525424629196e-10	1.6307221722291684e-25	0.5373221668812774	8.517617256642216e-16	9.570220188374007e-12	1.7863609189512028e-09	3.2490763522211875e-17	2.2017294447855343e-19	6.296462547149185e-20	3.526950057005101e-11	1.82668764059925e-21	3.394121951644415e-42	0.0	Developing neurons
813	1.5991023023476022e-15	2.5770817250041226e-16	0.0001445819955006815	0.996184424614072	4.4800382969209356e-11	1.5676437595848534e-20	0.003670986345260676	3.711347496067807e-12	7.22178658876851e-11	1.440079434342688e-11	6.5189841490537255e-09	1.5839059893483173e-15	1.0702289620109874e-16	3.9104838740007287e-10	3.826217551972433e-21	2.516487845893814e-31	0.0	Central nervous system
815	1.4775916061457864e-16	1.0876352685934576e-17	0.0002549982370319742	0.9996000024539772	1.0579483517259277e-11	5.8644803047266555e-22	0.00014498094557281055	3.605423883859317e-15	2.045072460869033e-12	2.2770563858613177e-13	7.854806232384557e-11	6.035556288670153e-16	4.3144344726446477e-19	1.8272013218618126e-08	4.699642967242659e-19	3.611188233406501e-33	0.0	Central nervous system
817	4.3523621561939725e-18	1.3683547377473867e-17	4.0742558734226834e-06	0.9964175210033293	2.70096413928472e-13	3.4368179629783506e-23	0.0035784042406238063	2.6507234244288868e-15	7.72481089193996e-13	1.355682076061694e-13	2.7288622232432277e-12	2.84903411077376e-18	2.7676532798720207e-19	4.962640198974806e-10	2.491115661912984e-21	1.6291059628648107e-36	0.0	Central nervous system
818	1.5894747127923901e-21	1.3311279486374222e-20	5.411210029817293e-07	0.6212465163755982	1.2211276877607664e-13	3.041711759568978e-25	0.37875294247822594	1.9532760522581684e-15	9.25528661819561e-14	3.467777901448393e-14	2.0261739385718965e-11	9.820354608857435e-20	1.3285799480165508e-21	4.6597836292095846e-12	2.1872778415575232e-23	2.697150908787004e-39	0.0	Central nervous system
819	4.367988295934124e-18	2.3273787509562092e-20	0.02249686515891191	0.001510544199807405	5.027510260248819e-09	2.395526391513509e-22	0.9759925698103923	1.305799257472878e-13	3.9035476699300827e-13	1.5791986923857154e-08	1.9323655670678233e-16	1.0028871308302537e-20	2.2677543867441708e-17	1.0870089669275011e-11	1.6646182172248919e-21	2.6825094585225835e-42	0.0	Developing neurons
827	4.657976779651001e-20	3.73976705187867e-24	0.7017374448820366	0.01160569626528235	1.7521612082936496e-13	4.476742342710611e-25	0.2866568586852282	8.477152062378049e-17	2.359133997377714e-16	1.4430871627219392e-13	1.6684700901383896e-10	3.5486824638635707e-19	8.054088025313287e-24	2.8589483159366054e-13	3.9515287527455836e-24	1.1839746003618273e-44	0.0	Motile cilia
832	1.0809106998823677e-22	7.097065121009194e-30	0.7106191520368386	0.0008021607725204836	7.39637684883271e-15	2.809922273316242e-28	0.2885786871219226	1.6944625008155966e-18	1.0208132376205621e-17	2.041208345199322e-15	6.870874848284243e-11	9.349750321218408e-22	5.800173299922798e-26	2.9152529325596973e-16	2.6160908576769504e-25	2.074871083366579e-52	0.0	Motile cilia
833	3.0710534091193416e-19	7.208804418701838e-21	0.9872209359394206	3.927233545438285e-05	9.78581127554848e-12	7.6883148775390235e-25	0.012739791706273715	8.688140239636671e-17	5.9728140397715e-13	4.509005301647595e-13	1.6067356738407892e-16	5.997023206993743e-18	1.7205591283947126e-20	8.016989261857656e-12	1.0796888216316442e-21	2.6211369025367906e-39	0.0	Motile cilia
834	2.326714156347449e-19	4.783595657032921e-22	0.9999995357650484	3.143008217060573e-09	6.0932549197062825e-12	2.896487153645211e-25	4.610273462706018e-07	5.385730342424523e-11	7.153798883232764e-17	4.64265307620653e-12	9.245089644763179e-18	7.178240363493233e-20	1.3570692811373776e-19	3.701882502301414e-15	6.665270574221195e-24	3.632350382212841e-43	0.0	Motile cilia
835	3.6081307079536944e-17	8.465733291028278e-21	0.9990227256696601	7.112608896039561e-06	5.814212400942535e-09	7.490315979375073e-24	0.0009701548277211037	5.165541954187299e-13	1.345513692095772e-13	1.0482081865575603e-09	1.9433434493347686e-16	7.103904517207117e-19	7.412433131593629e-19	3.065082243358778e-11	1.135788921680319e-21	3.3184039479035194e-47	0.0	Motile cilia
837	7.819519266504056e-22	8.961449419513414e-27	0.6670388958070738	0.0008784922426886953	8.921320548688648e-15	1.45067760905958e-27	0.33208261190191696	8.965311450996339e-18	1.402872308897535e-17	3.179091866769507e-14	4.8275179570952644e-11	5.837592664628689e-19	3.6981215554334385e-24	4.826543362860704e-15	2.329798160814468e-24	9.58433372872223e-45	0.0	Motile cilia
838	1.8248478097415054e-16	1.829072338662848e-18	0.999963463952126	2.443014700682615e-07	5.80447083954529e-08	4.1752595529636904e-22	3.6215482569431854e-05	1.0392970263625408e-09	1.9261078912948536e-12	1.7113139341960204e-08	7.425878285888797e-16	6.491093300672825e-17	2.5314731385394783e-16	6.476234342977446e-11	2.7806189706062887e-21	1.506238375376743e-43	0.0	Motile cilia
839	7.635091293551341e-23	5.0024331762736544e-27	0.9851674878417673	2.6856197506140293e-05	5.777546841070013e-12	1.0466813462211523e-27	0.014805655943919374	6.711248950302783e-14	1.2383248346142104e-17	1.0189748201977143e-11	7.708061598319035e-13	2.8901429809164796e-24	8.217765059068157e-23	1.895877758874394e-15	7.160565481543136e-26	1.1618179183253744e-48	0.0	Motile cilia
841	7.435258220550727e-22	8.770405862634507e-25	0.9986877261849303	8.728479279586716e-06	8.375088480917507e-12	1.0031012802352477e-24	0.0013035453258278544	6.660507993632017e-16	8.235125206783884e-15	1.4683287765777262e-12	1.0856092537112503e-13	1.5941755044059988e-17	4.163992785883196e-21	1.4473173972319536e-15	1.3566726732899033e-22	2.7769896921958724e-43	0.0	Motile cilia
843	5.309196562727652e-22	5.404118786605758e-25	0.9894811989661102	2.664461033476227e-05	3.897028183293091e-12	3.182833461349905e-26	0.010492156399289741	4.383318880809691e-15	2.7545815575027872e-14	1.9500243859502955e-11	6.734553758145076e-13	3.8795290268658034e-18	5.324520447087992e-22	1.6257598163904664e-13	1.7207133590829275e-21	5.252568967820632e-47	0.0	Motile cilia
847	6.216161066784963e-17	2.7207763073263986e-18	0.9994116265219265	1.130072107458282e-05	1.6379327080428892e-06	3.939447793079863e-20	0.0005706459264241061	2.9973922082227895e-09	5.099711026445505e-08	4.734897704861336e-06	1.0807148774610169e-16	2.249862289405042e-15	2.828498069955791e-17	5.657037217256526e-12	2.457005945977843e-21	1.7134165356030652e-40	0.0	Motile cilia
868	1.6444679151815487e-19	3.356768538492677e-23	0.9235812605771861	0.0018080026490995401	2.8862402750778793e-09	1.0235046524369658e-24	0.0746107289865238	2.1766582765183016e-13	1.4481214815480511e-13	4.898628252221085e-09	2.1200507205806774e-16	8.56449923752276e-20	1.8525108410983018e-19	1.959313729620456e-12	7.38113099558717e-24	3.1075461129194586e-42	0.0	Motile cilia
869	2.3100590767861374e-21	2.125729568948295e-24	0.999997012384651	1.5110653665498071e-06	4.514619234808933e-13	1.0564703041220821e-26	1.4765489319853673e-06	8.066228807721548e-16	2.3961574118271117e-14	5.670457135981437e-13	6.453619107231606e-21	4.388854627847135e-22	3.5620736222305985e-21	7.22558231589504e-15	1.2245538497420219e-24	3.751746891204556e-42	0.0	Motile cilia
870	6.1442390782594706e-21	2.371910721280355e-24	0.7582724186231521	0.008908886711498042	2.0583175388089785e-10	4.5970809036292034e-27	0.23281869366280242	2.1793493705424747e-15	1.6677058360566873e-14	7.955306818504303e-10	1.8855721021480906e-18	2.6935914224434536e-22	7.752328133296625e-22	1.1662147558540318e-12	7.55620356183015e-25	8.052873084097378e-47	0.0	Motile cilia
872	9.796733711409134e-21	3.9960085415733857e-23	0.9954210393912142	0.00013903399745773852	8.831394396751865e-11	1.04988745936863e-25	0.004439926458758971	3.4445843579364066e-15	2.6912054461752215e-15	6.326460455481129e-11	9.230722587956604e-19	8.597573623413255e-24	1.3122781759753841e-21	9.843905870049556e-13	5.950841991990319e-26	2.1242679087286817e-45	0.0	Motile cilia
873	9.702007806575228e-20	1.3332372119233555e-20	0.9999693192992578	7.857355483009273e-06	6.769109648247289e-13	5.518986171994797e-25	2.2823343107665626e-05	3.560562058416951e-17	1.6571161513330019e-15	4.45519899780213e-14	6.022258706790132e-19	9.23859235041629e-23	1.4147322109050436e-20	1.4283460935744515e-12	3.6315687315269375e-25	3.000371528959687e-42	0.0	Motile cilia
874	3.657510332118335e-22	1.2121705245112347e-22	0.9085005261997987	0.0013394684532407768	1.0884896657809761e-10	2.899651155185021e-26	0.09016000513920634	3.291306617094681e-16	1.6190935687560032e-15	3.487445183054881e-12	1.004764479567913e-16	5.935847237788009e-23	2.7545251010656077e-22	9.541573295534201e-11	1.940492176443207e-24	5.3819437486641936e-48	0.0	Motile cilia
875	2.4144808566561492e-21	3.691940014358526e-21	0.7867145430442012	0.13137207405282736	7.576347428827091e-11	2.20748299224334e-25	0.08191338280503885	5.130969321354184e-15	5.2193388635341745e-15	1.3731428044677999e-11	8.456284176661448e-16	4.836109260375759e-21	1.169935042735365e-21	8.426418182067859e-12	9.318610302927898e-24	3.0707669590517456e-45	0.0	Motile cilia
876	2.9448460526255267e-18	8.165932319429008e-18	0.0005167689386038307	0.7612514604507895	7.041651326630387e-11	2.6511579489509194e-23	0.2382317703575686	1.3307996093326446e-13	1.644239251981946e-13	1.5137933880642373e-11	7.075995832734636e-15	3.448169950346703e-21	3.7900549102356624e-18	1.6717918673249303e-10	1.4335024707520576e-22	3.0495995550690192e-40	0.0	Central nervous system
894	2.189052451000623e-10	2.765432096657477e-12	0.011744521762649807	0.9358831232536057	1.3578214009312542e-07	3.898332768285856e-14	0.0523718658810084	1.2416644157250242e-09	1.822383570929802e-09	1.7151039434443988e-08	2.564936560765682e-07	3.265730608235108e-11	1.7668238828157787e-12	7.635570080117442e-08	1.7854146630975885e-14	5.618641954832442e-26	0.0	Central nervous system
896	3.148267730493662e-16	5.84011879657697e-18	2.275101077547946e-05	0.9996375101740838	8.257636973048237e-13	2.4173557433236667e-21	0.0003397357793940732	2.990836156803488e-15	6.561169621741508e-12	4.194877283460079e-14	5.167410694859346e-10	1.8395329059466426e-15	1.7151004258228638e-18	2.5115716543595276e-09	3.73510172061185e-17	1.770654649041935e-31	0.0	Central nervous system
923	2.354169322781557e-17	2.5142458572488776e-18	0.9999990231162551	1.721519481167327e-07	2.2488446293586905e-10	1.0470020639048623e-21	8.044952076216073e-07	5.742514032500602e-14	9.76301765473942e-13	3.806382389977461e-12	3.0095514500665124e-12	2.101728323327069e-15	8.634703468356877e-17	3.852745128909962e-12	8.10756569616255e-18	1.3817686460049412e-25	0.0	Motile cilia
924	3.482258995594099e-20	9.500493349662096e-20	0.9999952862530063	8.326931824007899e-08	7.004522668370917e-10	1.836723757815049e-24	4.628855333952291e-06	1.3010964838614924e-10	3.75560050328651e-14	7.916709637972826e-10	3.471834888141178e-14	9.721008117793673e-17	8.573171344551433e-19	3.617769573569094e-14	1.556030654808731e-20	2.9390746049054387e-32	0.0	Motile cilia
952	2.833810354552857e-20	6.470517007281703e-25	0.8795233911740853	0.004377229611938771	3.579311392135721e-14	2.4310773118996664e-26	0.11609937274710033	1.990762654876603e-16	9.163731832029716e-18	9.197707627980067e-15	6.466068069306375e-09	1.2328146856186044e-18	1.9964872390241903e-23	7.622644539574122e-13	3.878761221516486e-24	3.766770888229061e-43	0.0	Motile cilia
957	3.0065318817289263e-22	1.1237913212005687e-26	0.7549884939843523	0.010800726994161946	1.4650609621272912e-14	3.2088644520863702e-28	0.23421077339098	8.440788701274842e-18	1.0707838036248495e-16	1.1999305475413684e-14	5.630455753929084e-09	2.088710821667625e-18	7.360396031069093e-25	2.3035760183014485e-14	6.979319161419466e-26	4.896825478117245e-47	0.0	Motile cilia
959	1.4509551781135361e-21	4.425172369383584e-25	0.416981215543076	0.1343883917816115	1.2187596919526632e-13	5.366271122754253e-27	0.4486303891668564	1.6356115283914056e-17	1.504955191009245e-13	3.7222954184592476e-14	3.508138954875331e-09	5.826481746798551e-18	7.538302011929993e-24	7.709532967474012e-15	1.1294921440275364e-23	1.0200949816982634e-43	0.0	Developing neurons
1010	1.597896190215935e-19	1.912202107206876e-22	0.0003789792708772353	0.00012170666152529155	3.507170150786683e-11	9.788726418652287e-24	0.999499313621228	1.7437335375367243e-14	1.1435611506157658e-14	4.105303081539177e-10	7.375667928366463e-13	2.6955258032378785e-20	3.4564787894331044e-20	9.311995212707253e-16	2.0091671518927376e-22	4.265087479657467e-42	0.0	Developing neurons
1012	5.713894478254117e-23	3.2145535309696868e-27	0.6756769415842958	0.0007592294809608471	4.115244858007437e-10	3.865915829798107e-26	0.3235638283274869	2.693176432433311e-16	2.4727577390458754e-18	1.945833248969074e-10	7.40259751728738e-15	1.8129424858577323e-25	6.803062035510497e-25	1.1410280750538887e-12	1.3855006431526772e-25	6.547251549553395e-51	0.0	Motile cilia
1015	1.1189761725012453e-19	2.4634696105483474e-21	0.001878818709770718	0.004038772518808346	1.0920652272068891e-10	5.25805141178435e-23	0.994082408619774	1.8469370917535744e-15	4.5225981652061075e-14	3.339439098096262e-12	2.2658679836099722e-11	1.603883049090686e-20	1.3148514278078327e-19	1.6395205365715297e-11	9.165783934696915e-23	2.7669707769840663e-41	0.0	Developing neurons
1018	2.4953282635136818e-23	2.8149747384181484e-27	0.9366516388698226	0.03738285610955697	2.122385752411406e-15	1.8556347213139975e-27	0.025965504994469188	4.4116669191865914e-18	2.882010602510617e-19	1.2321344293944966e-15	1.2408693032850477e-11	1.049003036754574e-23	1.767053065649012e-25	1.3739034379756978e-11	2.431771045569455e-25	9.724108009135314e-56	0.0	Motile cilia
1019	1.280406968979866e-26	3.8606810801009015e-29	4.52132165418866e-05	9.262455630240674e-05	2.320074973814995e-15	3.811030892451658e-30	0.9998621622271533	6.822413086425528e-21	7.282165864248139e-20	1.7670303129607053e-16	1.0101893677449216e-17	3.833938361548217e-26	7.008560144586604e-29	3.1353354915205835e-17	5.540627185442195e-29	1.0647899435454888e-58	0.0	Developing neurons
1024	6.935721482414175e-26	4.2537860116548626e-30	0.7434289749383263	0.009659230687057707	2.3501953588132565e-14	8.982477271557975e-31	0.24691179437448874	3.3539463270793977e-19	5.421316949838259e-18	6.851943820651193e-14	2.78004499067493e-14	6.892608323361283e-20	7.213332718896186e-27	7.387937446498077e-15	3.840597859764422e-24	1.500569835228381e-58	0.0	Motile cilia
1025	6.569711881637575e-26	1.696883459094852e-29	0.01534162029593278	8.500355916903039e-05	2.0064663608952604e-14	6.268534279045842e-29	0.9845733760983113	4.815217037765592e-18	9.865589160283039e-17	4.6544044586820425e-11	9.413309285288055e-15	4.1952914248195412e-19	8.661353194732556e-29	1.3211087465411368e-14	4.809445556287536e-23	3.111792633333192e-56	0.0	Developing neurons
1046	3.1603826958318686e-13	6.930324884869168e-15	0.9993633638392356	0.0005990673242024593	3.0024133400984078e-09	1.5660967204047826e-15	3.756281946786415e-05	1.337365925212022e-13	7.218379864483548e-12	2.1042467644499427e-09	5.291110490402515e-13	3.7488170785488244e-17	1.1296323423856543e-13	9.02115273878191e-10	6.859060386076618e-20	3.473403153195102e-27	0.0	Motile cilia
1047	9.613689380322803e-17	1.2814744275411759e-15	0.998088558401442	0.0010076653777996859	4.157100915793319e-11	2.513403658200228e-21	0.0008978652842654714	3.581884401658053e-14	3.2451964469207474e-09	1.1243073177105353e-10	1.8524798461709318e-12	7.170259578208528e-16	1.9912409598113722e-16	5.907535404093017e-06	1.831877586567772e-18	2.229546710700083e-28	0.0	Motile cilia
1053	1.5902732653086216e-17	2.303968801055671e-19	0.0008605675369766116	0.012978556995794687	2.789626237837014e-10	5.524099448120678e-22	0.9861608750744393	2.52502107671868e-13	3.7779904322931945e-12	1.0477970148120998e-10	1.942178219815299e-12	6.3279841397876e-19	3.784111317958674e-17	3.074379375017907e-12	3.757359797448367e-21	1.7809481024533977e-37	0.0	Developing neurons
1056	1.3740833963841099e-16	4.519323062394648e-18	5.383484750246975e-06	0.9995386027929118	1.5473911057442557e-13	5.390428217608944e-22	0.00045601157447518713	1.0705706649801278e-15	2.4428552814075786e-12	4.965305610497006e-14	2.9007185139267344e-12	1.4643599894354954e-18	3.8853205999342913e-19	2.1423135704960646e-09	1.5702869580431827e-20	1.1839413663435905e-36	0.0	Central nervous system
1057	4.3384917598053436e-17	3.473494123442773e-18	8.41607605903168e-05	0.01676210750047176	1.0077067169684525e-10	1.7010390808910746e-21	0.9831537312216427	6.527092838393444e-14	4.1667026686346846e-14	8.724445694392498e-12	3.945634982826139e-10	7.525894714089065e-19	1.422621201114151e-17	1.3129615330088818e-11	3.2146723018978563e-20	2.435881064310603e-34	0.0	Developing neurons
1070	2.467493712880713e-22	2.3455315128382593e-26	0.10208118174355742	0.0073661487135751385	2.4143967512923915e-14	2.3383855284500197e-28	0.8905526695427993	6.817670746584144e-19	3.588329016981424e-16	4.309027584493297e-14	3.336251494077287e-16	1.432936882018771e-22	3.078724384589431e-24	9.084656296301215e-17	3.722750741765019e-24	5.900002276694152e-46	0.0	Developing neurons
1073	1.9765233541758635e-22	1.9791550390757742e-23	0.7802609644900237	1.5964014017966425e-06	1.3761899692824276e-12	3.820661873468476e-28	0.21973743910466448	2.8897742493941796e-18	1.631208585664786e-14	2.8579048070232557e-13	9.454482926663146e-18	1.8506397385256804e-23	2.0471724858684262e-23	2.231987865131936e-12	2.4601263636542497e-24	4.406562534001109e-45	0.0	Motile cilia
1075	4.697025962480555e-22	1.751657233079254e-21	0.564045876774343	0.000213778445451544	7.567063038195665e-12	2.3020752167174148e-27	0.4357403441894474	1.9519433994220808e-17	3.319236509682037e-14	4.652292194922699e-13	3.4121792370053948e-15	1.2248495193184475e-20	3.565161681771642e-20	5.826892362650726e-10	6.84490215478035e-21	1.3342411144276687e-38	0.0	Motile cilia
1076	6.064561527487774e-24	1.9121220449896368e-28	0.9998148026342485	2.126664440458878e-05	4.0814954559495265e-16	8.429675328053238e-31	0.0001639307186964805	1.397785035824373e-19	3.3451120452334252e-18	9.177724012181131e-16	1.7810021886636957e-12	1.6207791952458302e-21	1.3692241082766154e-27	8.681805642537915e-13	3.7331312115299536e-22	8.582796558186177e-53	0.0	Motile cilia
1079	3.7755530316723095e-21	3.8526800664124927e-23	0.6067773973638982	0.0005340541168163566	4.549895426652405e-14	6.330552807026001e-28	0.3926885485161445	1.2436965730876383e-17	1.445316980612917e-14	7.361110618475293e-15	1.0166846414179546e-12	1.907494456665018e-19	1.2821569881093126e-20	2.056842660396618e-12	2.138511213744051e-21	5.2099331577149836e-39	0.0	Motile cilia
1081	1.8385478637285277e-21	8.1164464598912625e-25	0.9127171575513682	0.013387693846708147	5.606484925118269e-14	1.2567671236839002e-27	0.07389514811064929	5.211968856179111e-20	1.6959828291128265e-13	1.1566630606143075e-16	3.9006706206391247e-10	7.190670697139267e-18	3.7968955940628466e-23	1.0098168789513496e-10	2.342162609821507e-18	7.755063807089405e-42	0.0	Motile cilia
1118	3.322951110448274e-18	8.679556478374016e-20	0.9992007711370512	5.882819494482884e-05	5.035594041465611e-10	4.823076029917543e-22	0.0007403974458141745	2.151732253825335e-13	7.196420032502678e-13	2.636855512210834e-09	8.31755454201463e-16	3.825443554901375e-21	5.356088722127062e-18	8.083946198264469e-11	9.676030775692644e-23	5.613717777904204e-38	0.0	Motile cilia
1143	1.803951754483516e-16	1.1199820125491958e-16	5.4665551102550435e-05	0.994342578667835	2.0725376767665725e-12	1.0287216455739493e-21	0.005602742879365309	2.22080872610071e-14	1.0712803237657144e-11	3.403788807788373e-13	2.9105180808310586e-10	7.123690740693526e-18	8.662984147495489e-18	1.259749701104147e-08	8.885304793900912e-20	1.9095312280678805e-32	0.0	Central nervous system
1172	2.22347353644868e-21	1.5964068526704568e-20	0.9917620764362229	0.004987087816870622	9.082932292952111e-13	5.713635922734826e-26	0.0032508336831969112	6.935018492570883e-17	2.682551016983937e-10	1.222904339270096e-13	1.7662622130959042e-11	1.3028161133956208e-12	3.1249768370572093e-20	1.7754584381135996e-09	1.8697336829831853e-19	6.749780779527662e-34	0.0	Motile cilia
1175	5.55953955800306e-17	8.274598895515633e-17	0.9999830907497558	9.511479971663498e-07	1.8729539327830402e-09	5.654073108234683e-21	1.5953986910876062e-05	1.5960247698458434e-13	3.035975264167003e-10	2.8541246964229825e-10	6.057291338823987e-13	5.584968408799548e-17	4.672196389597517e-16	1.6526063226190282e-09	1.4468504038027426e-17	1.9928465396564558e-24	0.0	Motile cilia
1211	4.268653513390595e-20	4.038863068256874e-23	0.0004241784872481503	0.40678401091383787	2.3461522116638748e-14	1.054581518326009e-25	0.5927913387327653	6.256385684462596e-18	2.0810674551477408e-16	1.3873765484906744e-14	4.718661076555844e-07	1.6456224182458718e-20	5.518935765603737e-23	3.2634671066816127e-15	4.7119242504697e-22	8.698517469141733e-41	0.0	Developing neurons
1212	1.858972581594514e-22	7.462936902987926e-27	0.008778834378831969	0.5894950916337337	2.1763202311409975e-16	1.175765103428099e-27	0.40172607351086403	1.1842264107165792e-19	3.942002976609759e-15	1.7589616585027142e-15	4.765627146649181e-10	2.074392002015266e-21	7.654548480784209e-25	1.7537597751854852e-15	7.843384125674066e-24	8.864779272653e-45	0.0	Central nervous system
1214	1.246407374019636e-22	2.5848656175949437e-26	0.00031058395321558445	0.005284208945315206	5.059361778622324e-15	5.29090195284657e-26	0.9944052070149848	3.448396791926408e-18	3.243874247868036e-16	6.021241752367723e-15	8.64730576222452e-11	9.783915095829911e-21	2.3033229960785046e-24	2.3799970207558443e-17	4.963496172112738e-25	3.899452667484624e-44	0.0	Developing neurons
1218	2.217107591558783e-20	1.0088857124430504e-20	0.0006174921030162859	0.3742615053255482	2.3269978595425264e-12	1.315802274602029e-23	0.6251210025107007	3.094741342065917e-16	4.512297190040823e-11	1.955516104288362e-12	1.0309957459822855e-11	1.258244964567148e-16	7.548431129711372e-20	1.0189357722885259e-12	6.353702469831812e-19	6.414690089617433e-36	0.0	Developing neurons
1223	1.0023162303333462e-19	7.216040113439949e-21	0.010006466051679016	0.6678100481695028	2.0483858768080655e-13	2.7513883396918673e-22	0.32218347135995834	1.8605186630538627e-15	3.076805659317558e-14	7.296640820097531e-14	1.4406978168657213e-08	2.0551325111579405e-18	4.4178037100071644e-20	1.1571381820049544e-11	3.000270329202279e-21	1.6276602684080227e-35	0.0	Central nervous system
1251	7.477216477812588e-25	2.1851769363055888e-26	0.9996498476490606	0.00034871282812805733	1.2312633292942323e-13	1.2045567495172288e-26	1.4395157822454428e-06	4.5463098738909665e-21	6.446378666581482e-12	1.2377525224827816e-16	6.339049250030745e-16	2.2824846488031348e-18	6.058283094415155e-25	4.586004593346093e-13	2.7196080511392503e-24	1.1733694383912492e-46	0.0	Motile cilia
1299	3.85835508629963e-22	5.245327415573929e-26	5.150869938494669e-07	0.018265504453460108	1.450428551884406e-14	1.8300414193841013e-26	0.9817339803929097	2.0270947006502215e-18	8.1641034553948325e-19	1.305586885377403e-15	6.661985822122973e-11	4.673319654806281e-22	4.7954300024296816e-24	5.595084599148149e-16	1.6214514767882173e-24	6.985738971644225e-50	0.0	Developing neurons
1301	6.034200505080183e-25	1.1635455234869715e-27	5.4999693223116964e-06	0.0012133222847055321	6.2639730065689026e-18	5.934758819597389e-31	0.9987811777441876	3.8922969062378124e-21	3.181441846472506e-19	2.3692020733539193e-17	1.782457451277034e-12	2.578769843249693e-25	3.171882854660826e-29	1.9639113859824404e-15	1.5615551401183446e-27	1.3473255934848553e-54	0.0	Developing neurons
1303	1.3798650258531613e-27	2.848568169692123e-31	5.901855336983096e-08	0.00039299714578157395	1.1117203667888887e-18	1.1647361605323167e-33	0.9996069438356473	1.059259282958899e-22	3.713799432594253e-20	9.165660058166896e-17	1.7768946719535153e-14	7.304161373930553e-28	2.5708850596875894e-32	2.0202254367820294e-19	1.9817256996875382e-27	6.217208527382658e-60	0.0	Developing neurons
1306	2.9451271706250776e-24	1.5423484442593183e-29	1.704964706828184e-05	0.02053537465766724	4.71610877373611e-17	7.678946195519443e-30	0.9794475756914194	6.0977460722170265e-21	2.6502403384018354e-16	1.8199741984240905e-15	3.842918883877716e-12	3.431125198642606e-24	4.982862599506233e-29	1.321838469538786e-18	1.7829378700772587e-24	7.144185902244161e-54	0.0	Developing neurons
1337	4.6685621697063055e-12	2.758912926182935e-13	0.0035225448311518763	0.8136877159574346	5.2545207162034896e-08	1.851147137319735e-16	0.18278911781220225	4.318812966649448e-11	3.2607374661037665e-10	2.4423705953070378e-08	9.459692807317217e-08	2.472206623408655e-13	8.495304714585656e-13	4.494580657041169e-07	1.2229662760763294e-15	2.1240772770234536e-23	0.0	Central nervous system
1348	3.657187157140605e-15	3.9499382011429515e-14	2.2155638409364236e-05	0.09764499528410234	3.6171287497294165e-10	1.167201518899607e-19	0.9023327542119385	2.2880465758193665e-11	1.4821415570585221e-10	6.7803291506139285e-09	4.3656156476171035e-09	5.233063170327561e-16	9.399402588687268e-15	8.318674445790111e-08	5.665596582490436e-17	7.940413939079824e-26	0.0	Developing neurons
1365	6.587289783713709e-21	1.8597102699351564e-22	2.852610632894997e-06	0.35165596245720143	2.8840818739462376e-14	4.756155262408849e-25	0.6483411816493363	4.44099896242038e-17	3.1241096933338077e-15	7.046853236728313e-15	3.282777072212461e-09	2.2033867930171494e-20	1.1103045298551003e-21	1.3382284818519508e-14	1.2725731187194446e-22	1.7694688539332588e-38	0.0	Developing neurons
1387	3.591627836929112e-13	1.0957098833447508e-12	0.9999997355076163	1.1946323642617532e-08	1.7828381498975852e-09	4.2621390137457737e-16	5.420009798920252e-08	5.027775935594456e-13	7.215529915849348e-12	1.0637417676592744e-12	1.9199722126652335e-11	1.6983018393924482e-15	3.747700539232882e-13	1.9653331023321426e-07	7.699724828138245e-17	4.6620058541434535e-22	0.0	Motile cilia
1388	2.2699851483201844e-18	1.4029569967514032e-18	0.9999998146265111	7.818496773426575e-08	5.752945181227746e-13	1.973466497887528e-22	1.071719753219895e-07	7.493086029660994e-17	2.974403388001929e-15	2.56273595010213e-14	1.8392905848300135e-12	6.910185104253258e-21	9.924605213834485e-19	1.4102621353613523e-11	5.339639629220299e-21	1.0401281779587653e-29	0.0	Motile cilia
1389	8.357423151932889e-14	2.2591255365970283e-12	0.9999990456738153	3.143133698197489e-08	3.0953592016966137e-09	1.4739319870360664e-18	2.1789298955921572e-07	1.175680237033684e-12	3.941567919898632e-11	4.289680974221193e-11	3.1457140659186696e-11	1.336288952822687e-14	1.479973153319002e-11	7.017743953839645e-07	2.4119066034905182e-15	1.2506177882018806e-18	0.0	Motile cilia
1390	1.0967674413912999e-17	3.5567866805959645e-18	0.9999997251606116	1.7226829756693078e-07	2.726578336988223e-12	1.01814615581368e-22	1.0253187953363584e-07	1.764971372335936e-15	7.125729569424208e-15	1.663258625595656e-12	6.965942637533512e-15	3.591209755304289e-19	1.3125225779503668e-17	3.480561310117887e-11	5.586170742668375e-20	4.888387758514747e-31	0.0	Motile cilia
1393	4.308265489949537e-19	2.1998293358239333e-19	0.9991740078975445	0.00046314042782105973	1.3345287698446203e-12	1.4220385758394162e-23	0.0003628423109843002	2.555060170678876e-17	1.8396523764246134e-13	1.0908941670923275e-13	3.0719225882872692e-09	2.836363104515656e-18	2.0601354408076118e-20	6.290099922773559e-09	2.4609714783938155e-20	2.916691207971205e-33	0.0	Motile cilia
1399	1.743654297948244e-18	7.732878640588937e-18	0.9962497479771361	0.00021262211440921874	5.729507666551401e-12	1.2041083248314339e-23	0.003537441527348212	1.378337484648889e-16	1.3997081916713897e-13	1.178633477191384e-13	9.83951067239789e-11	7.775130739316945e-18	1.5458301878958738e-18	1.882767237880041e-07	1.3292436278086992e-19	1.5758073427604576e-31	0.0	Motile cilia
1474	3.4504422363941803e-16	1.0650150246773188e-17	0.009635974389926317	0.014257099763368997	3.924386046076056e-09	5.1110793071408835e-21	0.9761068985415368	1.5886841543421255e-12	1.3224945731455642e-08	8.513440420792382e-09	1.5016540879926385e-09	1.3503632796446453e-10	1.2013330252415362e-15	4.114294236447165e-12	7.501956494922488e-16	7.743273040717863e-26	0.0	Developing neurons
1476	1.9259653482804897e-24	2.821747373632703e-25	0.9903213834626265	0.00019707350392240617	1.012727050982708e-15	9.319553854091695e-28	0.009481542802826216	7.307879264493287e-22	6.798496829927778e-15	9.049707835820868e-17	6.142446503263778e-13	4.548493792359644e-19	2.5891660264979885e-26	2.300024603691938e-10	2.050413912111619e-21	1.0594256191363609e-40	0.0	Motile cilia
1477	1.0478796348651617e-19	1.913660768752578e-19	0.9978379593424934	0.0004936528357153561	1.0591714615129245e-11	1.4889991393620123e-22	0.0016683846064290693	2.3921197659658987e-16	1.3341759326933282e-10	1.98157314525306e-12	8.276289979797901e-11	1.094786032012022e-17	1.2964389915877193e-19	2.9866082123337573e-09	5.338381160324366e-18	1.9910859007939825e-29	0.0	Motile cilia
1482	1.0991109374152567e-24	1.4323257751087948e-23	0.9999818126838896	1.052804424338328e-05	3.058724842334398e-15	9.383899440314694e-30	7.659143845731905e-06	4.0854092286234998e-22	4.677112627736918e-16	5.28974887953562e-17	1.1912195304168562e-11	3.738769406331584e-21	3.2023802022046098e-24	1.1610553342624667e-10	3.8041534446813353e-20	4.1677180869567107e-38	0.0	Motile cilia
1532	5.332535078437957e-21	1.4834863625590069e-22	2.3699141944593908e-05	0.999036884410575	6.810797080385522e-15	3.837398680977338e-24	0.0009394041219879813	2.397281996927902e-18	2.6578503361812044e-15	2.0014945971383492e-16	1.2324898196942267e-08	1.0093382900088061e-19	5.622279945500902e-22	5.844664881780687e-13	1.2726058566054272e-21	1.1866096703054088e-36	0.0	Central nervous system
1581	2.565957403209429e-20	6.255273170029162e-22	0.004430805372234213	0.02086263464468664	3.3505176133303836e-11	4.76651676312524e-25	0.974706558895925	9.86983636952968e-15	8.021058958386601e-11	9.662400470312256e-10	7.0727618191049294e-12	8.8924550364826e-17	8.22065254033392e-19	1.15556894347316e-13	3.3218592111415202e-18	1.0173924278437838e-30	0.0	Developing neurons
1583	1.3007004745148334e-20	1.5458832429455052e-25	8.831980560537088e-05	0.8480995948806052	1.7120958354336865e-15	3.4085071804326745e-24	0.15181208033278115	4.925255696113152e-16	8.924304677519717e-15	8.371907077593257e-15	4.980988854605097e-09	1.8108247547314497e-20	6.664518226125079e-24	2.0880785764127865e-16	1.0887873004279593e-25	1.856908786100098e-40	0.0	Central nervous system
1640	5.012369684949332e-25	1.0852139450297015e-27	0.0002181164874357695	0.0970196473153883	3.569407324490707e-18	1.4526423863205342e-30	0.9027622359648864	1.739856289041081e-20	1.7238966862496207e-18	2.25468465011234e-17	2.3226946233243756e-10	9.00213101525126e-24	3.2030116296555736e-28	2.004063677741026e-14	1.544808279307384e-26	4.0059851118020425e-51	0.0	Developing neurons
1678	1.9295411437916101e-13	7.0459402055004165e-12	0.06367152454946741	0.7902755846042823	1.722848945819669e-08	3.766742507308293e-18	0.14605227206196875	5.2681969688370056e-11	6.048338057268724e-09	1.0909617619160242e-07	3.7070405960061725e-09	2.63055580847877e-15	1.7433315223278784e-13	4.826441389085369e-07	2.816644287942972e-16	7.239070387479937e-26	0.0	Central nervous system
1691	1.2632853673489295e-14	4.456861723973604e-13	0.0005373957469961853	0.9848373072143893	7.009045813973108e-11	8.976776334470484e-20	0.014625284338055867	9.021126456192757e-13	6.659762292027324e-12	1.3570739754186356e-10	8.719723485249625e-10	6.786787080692075e-16	8.016588276829802e-15	1.1614759558130367e-08	1.1896609185990419e-17	1.3015636853935782e-25	0.0	Central nervous system
1697	1.7045035701793598e-17	2.2978848297474564e-17	0.00029317586640200034	0.9972193093683837	2.726294665027388e-13	7.987404017932839e-23	0.0024875133207987506	8.50897899618437e-16	8.624271925653328e-13	5.2916626820915105e-14	1.214167017546388e-10	9.150352512240129e-14	7.420419707196221e-19	1.3217185419176484e-09	1.707143146599481e-19	2.6625417305901483e-32	0.0	Central nervous system
1708	5.4729478584620094e-18	4.753703391495135e-20	4.2072428975060296e-06	0.04621586854522325	7.065200556189092e-13	7.968142221514223e-23	0.9537799219313436	4.1838722070523805e-15	6.695840337391078e-13	6.607246084457053e-13	2.278039812720051e-09	4.943297384820229e-15	1.0715746075557686e-19	4.4997565599370284e-13	6.975433731600832e-19	5.034069510033054e-34	0.0	Developing neurons
1716	6.287401783635383e-17	1.930001349602222e-18	7.948829461757374e-05	0.5622555975364614	1.9743909905301368e-11	5.132544560835809e-21	0.4376649082038651	3.4870947572849776e-13	2.0619472873930067e-12	1.8857515378022887e-12	5.899463997098105e-09	1.0974039158475426e-15	1.2789547323296447e-17	4.1550574865611556e-11	3.010844815431681e-18	3.862841996897334e-34	0.0	Central nervous system
1718	1.731413280628106e-21	4.117109010687665e-25	4.5362841626204403e-07	0.0061630993184662005	1.0236950415700942e-17	8.390738215393137e-28	0.9938362835143744	3.7005499070518025e-19	2.2698869923245286e-18	9.809432607019277e-18	1.6353873952073285e-07	8.192544968314327e-23	5.179106905183988e-24	3.579900065621874e-15	1.8642261607104254e-24	1.5677977851318165e-41	0.0	Developing neurons
1719	1.8212279919379694e-21	3.019324472060247e-24	4.163652022002434e-07	0.06883805215070697	1.951727065532337e-16	5.2427864762378196e-27	0.9311614293358984	2.1540742413010477e-18	7.791399847334814e-18	1.0899819582073532e-16	1.0214809771867513e-07	5.0133822436624914e-17	9.886404797263588e-23	9.429261594122906e-14	5.910313389980706e-23	1.9751179439100708e-42	0.0	Developing neurons
1745	1.4757255667357965e-15	1.1257986939496557e-14	0.9999997002104103	3.6838011254939575e-08	1.547097536764008e-10	2.2715148307603046e-20	2.6087267397773324e-07	2.2242322978259454e-14	3.816847170833818e-13	3.5177393458777106e-12	4.114400852324805e-12	5.447210342611325e-17	3.948805225586816e-15	1.916141897446319e-09	5.643349452057436e-18	1.5431737756165013e-24	0.0	Motile cilia
1747	4.687219866105677e-22	6.349081772310703e-22	0.9999573169443703	3.497585126264628e-05	2.496226080701702e-14	2.3225386025811952e-26	7.706695182629267e-06	7.403200511416261e-20	2.428177867283483e-15	4.3538645493792795e-16	7.041094512876928e-11	2.8112839509865824e-19	1.6846112997707642e-22	4.387456057473037e-10	5.902993868767516e-22	2.618661614551965e-34	0.0	Motile cilia
1748	1.640580677281976e-21	8.709156402615654e-23	0.9999734192663213	3.2593622728730424e-06	5.730667836971576e-14	2.4270073067222206e-26	2.3321370417385274e-05	3.6306131111842234e-19	4.219445683387378e-13	1.1223398783151433e-14	8.56196165939012e-15	4.906205232149655e-19	6.904103885094809e-22	4.895157782075015e-13	3.1722815409548866e-21	5.474681586874053e-36	0.0	Motile cilia
1818	8.752348357863619e-17	1.9324016969470849e-19	0.44038941845633034	0.353555964785619	2.0208677470499097e-11	2.1924467177471604e-20	0.206054596807268	7.492014661673672e-16	2.635048605120491e-10	4.718979498005976e-13	1.1459508039236008e-09	6.545550066169984e-15	3.9232501877331457e-19	1.8520638784472607e-08	6.308500293796454e-19	2.4166854090958268e-34	0.0	Motile cilia
1827	2.613463440558839e-24	2.1516828749138337e-25	0.998999780703753	0.0004041929806128111	1.114690379557793e-15	5.223360933697129e-30	0.0005960263036740046	1.6320321621462765e-21	5.126617117487373e-13	1.8499983988377057e-15	9.108678066763834e-12	4.444698248169361e-21	2.476547378567247e-25	2.3358654752635706e-12	9.655177872183358e-21	5.650779194732783e-42	0.0	Motile cilia
1861	3.703383654485484e-19	3.858346444920027e-21	0.0008889743275613356	0.3872300716320873	7.464714902309049e-14	8.758701973016799e-24	0.6118809540366538	2.603055401215067e-14	2.510767529866598e-13	2.193673196543345e-12	7.774131961359465e-13	4.714649274433756e-18	2.78883261128402e-21	3.7487827326003566e-13	3.6442299261187125e-23	9.428930117105321e-42	0.0	Developing neurons
1880	4.6745598252563507e-20	4.977916524970322e-22	2.7148417981649847e-06	0.9997220944121253	6.893304971364966e-14	1.4742411358198407e-23	0.0002751884479812195	1.0629786030631964e-17	6.540136088254238e-14	1.924879673007258e-15	2.2979404409542107e-09	7.309871108234995e-19	1.175536970968622e-21	1.8661330239231113e-14	5.981321352059825e-22	6.382521838616982e-35	0.0	Central nervous system
1885	4.9596457686849095e-24	1.5298372391405205e-27	1.1995338150228736e-07	0.9987037791524939	4.8522457782099725e-18	2.16578382226221e-26	0.0012960786899591902	5.931617390532454e-20	3.635907700824585e-18	9.613035276671456e-19	2.220416090260079e-08	2.94847719785687e-23	3.9107272559910034e-27	4.3440085254098326e-15	4.0242366172847664e-26	5.376785871210135e-44	0.0	Central nervous system
1935	1.2952695763023392e-16	1.6521631497361383e-17	0.000430248724928712	0.8698695642677442	2.6280423974217916e-11	1.575736571865362e-21	0.12970018675631884	3.876093353685021e-14	1.1203568343397089e-12	1.4323072760827944e-12	2.1686356269884888e-10	9.351112613951886e-17	4.872411045517989e-17	5.272594251511998e-12	3.0830060286336995e-19	1.4413310071466895e-29	0.0	Central nervous system
1937	3.0760096479606307e-16	7.793747934612664e-23	0.0003426543373871965	0.6701035069283606	4.604021390202035e-13	3.9337992233902886e-22	0.3295538378260254	5.4107046864256404e-14	5.733181043849873e-13	4.757406112701309e-13	9.06662748065838e-10	7.123108098850476e-20	3.065023573217153e-20	1.2651886134172028e-16	1.625608230970182e-23	1.923525183726343e-38	0.0	Central nervous system
1938	3.960039673676191e-17	4.419643790878236e-20	0.00011341258014642429	0.7871412786773424	1.968496765990545e-12	3.748587141221468e-22	0.21274481799473652	2.4438598098313685e-13	2.0479247410892752e-11	3.781272481191203e-12	4.907212144978138e-07	1.0605882524845197e-16	2.5953295006275317e-18	8.637232083618901e-14	2.4605238802920344e-20	7.259063969093662e-30	0.0	Central nervous system
2040	1.4229042403585272e-10	5.103759058823932e-09	0.018728713036118783	0.430340204543452	3.333585112657435e-07	3.560862771615394e-15	0.550877087538848	9.013347318407107e-09	1.176393586422047e-06	1.693017527050378e-05	7.503890229602377e-07	4.3586690868545517e-13	2.7542922992172497e-10	3.47900297925611e-05	1.3206853082313878e-13	1.6896337117194774e-18	0.0	Developing neurons
2043	4.361943828357778e-16	4.3969240961214814e-13	3.967795076296973e-05	0.9526265227106653	3.675871272077894e-12	2.2174069525533455e-21	0.04732286948486317	3.341012215265079e-14	1.0231479066701121e-11	1.2848421548997941e-11	7.855399579271696e-11	1.4646956948584052e-17	1.2946111449838682e-17	1.0929747925246672e-05	2.0205796267784405e-19	1.063528109576369e-28	0.0	Central nervous system
2044	2.5594050693152363e-12	7.821857192638008e-10	0.001401438066169685	0.9886792318921869	3.029321923896613e-09	1.4850185265982907e-18	0.009915607098031945	3.249632387669707e-11	1.0970839624475717e-10	4.450522252140289e-09	1.6584972660697832e-11	6.967425718695104e-16	7.926376848625969e-14	3.7145201527760643e-06	1.7267877125671635e-18	2.938612374735307e-24	0.0	Central nervous system
2052	1.1942109113974229e-14	4.0791071550429674e-13	0.002193835095965126	0.9396117690688757	2.9533921477157015e-10	1.0160811058432256e-19	0.05819357244942057	1.3020766760142109e-11	5.133691391264555e-11	5.602527093365158e-10	4.72204449758177e-09	3.9898531379348705e-14	1.839912928283913e-15	8.177432826897632e-07	2.862043042198e-17	1.1143019903172537e-25	0.0	Central nervous system
2053	4.954455781753248e-16	9.315985702847012e-15	0.0016127029799365333	0.9662192818614322	1.4420545698868708e-11	3.1168871203737473e-21	0.03216797820854458	1.1122229758950243e-12	4.280178745947726e-12	7.831675427774274e-12	1.6470586681872568e-09	1.127885358555003e-16	1.1359244996298642e-16	3.527537315831487e-08	3.0537702302279877e-18	2.6075861317461027e-28	0.0	Central nervous system
2055	2.622936604934775e-15	6.417782968286835e-16	0.4457963705572184	0.06899866993025092	2.155911818492814e-09	3.334594799262313e-20	0.4852049320705908	9.473307086100347e-13	2.241489136280886e-10	7.527891728561936e-11	2.481806478777564e-08	1.303044368288227e-11	2.6143999604671766e-16	1.5455415035700188e-10	1.908971318272207e-17	1.1267635368418107e-26	0.0	Developing neurons
2062	1.7682904607514063e-18	4.8417069040530404e-18	3.246629195790589e-07	0.9977855795671067	1.1434628620557666e-13	3.424648552516486e-23	0.002214094711698643	2.92228282780264e-15	7.071359360458498e-12	9.895084712137492e-15	1.0490560162353647e-09	6.819450902526891e-16	2.2572676584295786e-19	2.020061384547168e-12	5.2464557011995433e-20	3.4869115844638586e-31	0.0	Central nervous system
2064	8.048203469854062e-15	1.1487701968891149e-15	6.523985971898793e-05	0.7952704389925717	1.7226385502789244e-10	3.6993831174233343e-20	0.2046642833654697	9.178981831497158e-12	3.896274652792629e-11	2.43588882653167e-10	3.6973893192694437e-08	2.5344305844897854e-10	7.557122468798518e-16	9.089905675690484e-11	1.679753963124462e-16	6.338095556625875e-29	0.0	Central nervous system
2070	1.495741143747623e-17	1.8064329598412694e-21	2.478787062011964e-05	0.11637339231759321	9.671362514413595e-13	6.160854488374209e-23	0.8836018162516648	1.2366862480932816e-14	1.4474002326092908e-13	1.0397087008641782e-13	3.5588590705454727e-09	1.6881488115972035e-14	6.607620657500458e-20	1.7840828735985315e-14	1.3240208342989508e-20	1.647808264853496e-37	0.0	Developing neurons
2072	9.870749866468947e-18	1.7044995011277186e-18	0.0002486856083128906	0.9532704341395707	1.672667830849662e-12	5.592340087526703e-22	0.04648087949592714	8.33264605570384e-14	2.0044595222000112e-10	5.713058380965356e-13	4.669564781539178e-10	2.3644253210420343e-16	6.552739080685925e-18	8.645924653487603e-11	2.4051271339604072e-18	1.813354671443007e-31	0.0	Central nervous system
2089	2.9550302047551704e-12	1.0727458731944421e-09	0.9935409530177536	9.69706885185818e-08	6.922000865944475e-05	5.833428394271987e-16	0.003835104252610244	3.4615397168615984e-06	5.197797188485746e-07	0.0024712999244053315	1.0764082535278251e-10	1.9495033598097145e-11	5.899929002846005e-10	7.934230570167441e-05	4.079151589535711e-10	1.7846449458186524e-16	0.0	Motile cilia
2094	0.00010614813910972167	1.0178150838483666e-05	0.10478518877810974	0.27241376150376984	0.2444910683607408	1.4044699538806242e-05	0.1187058313076019	1.234030816319313e-05	0.213222789215744	0.04602252371281768	8.756075673763245e-08	1.1524344283240703e-06	0.00021460566136193213	2.6920289086929467e-07	1.0964127984765012e-08	1.2031118019026224e-17	0.0	Central nervous system
2096	1.0957959602670658e-05	0.0015989424753641678	0.45463952204291197	0.2696727718568081	0.10516778820365341	3.1711868100227253e-09	0.16794179195946246	7.024488322806462e-06	0.00016214899447615445	4.669900335263478e-05	2.4441078200004352e-05	1.2926020863058626e-08	0.00010561428549913774	0.00062227949590672	2.0592319775462968e-09	4.673590556313875e-19	0.0	Motile cilia
2098	0.0001452080683150851	0.0343225206565332	0.082219550019137	0.5298340117449021	0.0028862119984394813	3.592515925492549e-08	0.30030922903959867	0.00017289401589007852	0.00034203449028389965	0.002035117472716367	0.0018906236303401949	1.0131082993160445e-07	0.0035368878291336114	0.042305571232814435	2.4957142617971436e-09	7.019254724174045e-11	0.0	Central nervous system
2101	0.008799427467430654	0.7506029277544999	0.031916754902490255	0.09975470050908904	0.005113154659177664	3.130145575556642e-07	0.03597813276232813	0.0003222414238693752	0.0035524548542474554	0.004055950816215639	0.0010336919197770638	1.8228820141172497e-05	0.03627338567694408	0.022578519787647834	3.727369378432254e-09	1.1190421512792808e-07	0.0	Midgut
2103	4.209496019801759e-18	5.739448951894045e-19	0.03923760718026367	0.4248894065723806	5.627420037240183e-10	4.919908885543679e-23	0.5358728414496239	2.5271352461273514e-16	6.7143904684681275e-09	1.0009384286178306e-10	1.374195909246733e-07	2.9479300162056506e-17	5.686706087176346e-20	9.140797592305195e-13	2.641957682134748e-16	3.0381055996415012e-37	0.0	Developing neurons
2123	1.1855579988023188e-13	1.124351363346771e-11	0.001193602234572771	0.964416365693864	2.2640102799845673e-10	6.5835288431304445e-19	0.03438995267830617	1.8078149493562297e-13	6.264920000990303e-10	3.268550986095953e-10	2.5987810286595644e-09	5.109167206675808e-11	5.5711010335783535e-15	7.555208781643632e-08	6.024093575059102e-17	1.0382437835519807e-24	0.0	Central nervous system
2126	4.737088405505742e-15	2.2659845421977402e-12	0.0002554714131327783	0.9586836957327689	2.376020746070518e-11	4.041291214819699e-20	0.04106007969058072	1.2769146541814524e-12	4.780357597031445e-11	2.3339495182045944e-10	1.7299463411250524e-08	1.8040631224132026e-16	2.4420999363651096e-15	7.355555450174772e-07	2.5205789271887537e-18	3.871401689177968e-27	0.0	Central nervous system
2157	4.188731658749189e-16	1.6482600048473508e-17	0.003545966853868524	0.09882256306574531	7.116371092246086e-10	9.138863956935608e-21	0.8976314640127946	1.5757662419024447e-11	6.215034419051e-10	1.3114113853441923e-09	3.379705230092157e-09	1.7610731700034614e-15	3.010302832153685e-16	2.7574124639107763e-11	1.355611077698826e-17	7.539659666638232e-28	0.0	Developing neurons
2173	1.5718517358504582e-18	1.573217876355879e-19	0.013194239344527245	0.08938693008283916	1.2864997659489121e-11	2.5316696668238927e-23	0.8974184945013917	1.592106884515035e-17	1.8521734180645852e-13	2.1389553018822046e-13	3.36049346133595e-07	2.349425368745853e-20	1.0171636222486698e-20	8.631757887958554e-12	5.852447817631789e-20	8.415949468425817e-37	0.0	Developing neurons
2177	5.198192173362966e-15	1.6637129452313796e-15	0.028409931463639487	0.03279435546405758	4.646164470815291e-10	8.611307306509645e-20	0.9387955983650851	4.462761525547111e-14	3.6563282285540746e-11	1.637841523039722e-10	1.1211866861270128e-07	7.079345543271487e-16	2.910227163767586e-17	1.923533512702383e-09	2.433216114264099e-17	9.983574059080146e-29	0.0	Developing neurons
2191	3.3756618221156186e-16	4.1005305129560864e-17	0.025684731026280907	0.7369507117835827	6.088351834758285e-11	4.8275317624263095e-21	0.23736455571304413	1.5095217577881638e-12	1.0956818036472872e-12	2.0539170307779256e-11	9.5622774175477e-11	6.8595486443313145e-18	4.27536089866663e-19	1.2974411012674431e-09	1.8228119445319904e-20	3.6596549404832236e-38	0.0	Central nervous system
2192	1.852274799431805e-14	2.0941900508967773e-13	0.002757404404392399	0.9488611235163986	1.1280083914280973e-10	5.445342658494377e-21	0.04838146557773616	1.205725282146877e-12	1.5025150042516948e-11	1.4835365230521752e-10	3.941300116865462e-11	3.65831194157405e-12	1.254444988466799e-16	6.180788102190232e-09	9.068092073805535e-18	7.230357026249232e-30	0.0	Central nervous system
2195	5.27663936722004e-17	1.3646374370936964e-16	0.00048492052120121393	0.9868536320173247	1.1336827124414267e-11	1.1595921557102112e-22	0.012661445242077522	9.696035235261508e-14	9.454432385609659e-13	7.343590739253697e-13	1.4742762283448405e-09	1.363462922579675e-12	1.5746317454839683e-18	7.306430095188249e-10	2.2871083841917526e-19	9.049870931180146e-31	0.0	Central nervous system
2202	2.317240805043018e-15	3.490388818128132e-14	4.311866309618411e-06	0.9910042630025365	2.958496714423103e-11	4.608008500732409e-20	0.00899141362585139	5.503131550413797e-13	3.9716193737238117e-11	4.2545999987455015e-12	3.912821295027967e-09	5.581556045584648e-13	3.242812202264323e-15	7.517776328451658e-09	1.2010220076639054e-16	3.652796644781844e-24	0.0	Central nervous system
2212	2.0641696101142183e-16	9.027649062322856e-17	8.899833660722934e-05	0.9858190185840142	1.399215888107924e-10	1.469177893060319e-20	0.014091982212663709	1.6801482080522125e-14	6.84240325694479e-11	1.1119082625807255e-11	5.452822757009705e-10	2.675844325820575e-15	1.67038033844947e-17	1.0194817160014412e-10	2.1604149826964628e-17	3.7682956083507674e-28	0.0	Central nervous system
2266	2.88788415675208e-23	3.8764623178320995e-25	8.561662373064504e-09	0.0772831191862502	8.396077776025973e-18	2.0231244251155622e-29	0.9213107909422714	6.048528868007607e-20	4.523737476571604e-19	3.143387996524445e-18	0.001406081293162441	4.6816384337966614e-20	3.1961368983168357e-25	1.6653597919602e-11	6.072236983342627e-24	1.7820492991349306e-41	0.0	Developing neurons
2268	7.173016440858472e-17	3.7871542183736806e-17	1.0838076540600412e-06	0.18546429798830477	1.1375170250309368e-12	4.425276378348109e-23	0.03852368887320779	4.618628471931723e-14	1.056590349532055e-13	3.9950555549953427e-13	0.7760108740242077	1.564528577032104e-14	1.8418217138767895e-16	5.5304920909658294e-08	7.066202049784557e-17	5.410736044534339e-26	0.0	Anterior nervous system
2275	3.039527292500388e-19	2.224184316217077e-22	1.3722395509129038e-05	0.9969557648469697	2.0645025690286754e-14	4.806618906758396e-24	0.0030303657221650983	1.4042890342174151e-16	3.7476051186894315e-12	3.1459668339756258e-15	1.470315670931465e-07	2.941281422855092e-18	1.4278061409656622e-22	1.7277049610165685e-14	1.948596069451024e-23	1.7917803898941e-33	0.0	Central nervous system
2276	3.546407570006674e-20	2.7283870323343026e-21	1.8233142053038203e-06	0.9995526827592784	3.347647541737292e-15	3.1689401778316753e-24	0.0004454458795028322	8.744353305800365e-17	4.281932998237054e-14	3.458774461014982e-14	4.8046257990263576e-08	4.3833472532815235e-18	4.859476148451074e-23	6.745472740109839e-13	1.3079741664703525e-22	1.1424666539343997e-31	0.0	Central nervous system
2284	9.589343835493369e-05	0.0010119028937928339	0.7008595266105494	5.150988456710756e-05	0.10499767525379325	1.5000665421992412e-08	0.06388481679894388	0.000844720560463631	0.00738824338349302	0.02085136063845806	4.478572823646904e-06	8.526391331278779e-06	0.01491177716662036	0.08347412431689402	1.8359672543019992e-07	0.0016152454925236726	0.0	Motile cilia
2298	1.178790061067778e-14	1.448242860244367e-15	0.1428418577729452	0.009978559230086564	0.0001420915598733186	6.089163028196593e-19	0.8470371048889845	3.936943137029615e-08	1.1870041616161122e-07	1.516963152282803e-07	1.8756914393151385e-12	7.668442505478884e-08	1.3083615656683416e-15	9.563245468319454e-11	5.860436942666427e-17	1.7510618276644587e-39	0.0	Developing neurons
2307	0.004125378862217581	5.0407884611930074e-05	0.004137053308400537	3.0765970563595293e-06	0.7790043716623118	0.1989943706082624	9.71677154124747e-06	0.00025590208886689194	0.0009885556380463299	0.005298702629483454	1.0112861419872016e-06	1.019027777352994e-06	0.0070542558791435745	7.612982947912703e-05	2.662948753609092e-08	2.1297171804302683e-08	0.0	Stem cells
2314	0.14254332562010685	0.5805790186882256	0.000681171382488228	0.0003673197899990651	0.03181652095794708	4.599935018044296e-05	0.0010563020655843184	0.004528473153534182	0.00968100493521275	0.00391880018588022	0.0014130946239719212	0.00904722122810838	0.1822403835116338	0.001195667412757862	4.6955678035960445e-07	0.030885227537588825	0.0	Midgut
2315	0.00293914650905469	4.669867210163289e-05	0.8501248338716192	0.015605640803118262	0.07234200390480974	0.0002480055932255294	0.01719650735851367	6.505207238464838e-05	5.343107145517887e-05	0.039906627144813675	1.2024605814362096e-05	1.201279397022197e-08	0.00070223775319673	0.0007577710912242205	5.3534656804221135e-09	2.1824088535824028e-09	0.0	Motile cilia
2316	7.238097243012328e-06	3.462698158176123e-05	0.005441133399346307	0.25968652515748175	0.006369697929521064	8.071296799870768e-07	0.009242109906678479	3.407455907383901e-05	6.636445954245442e-06	0.7191111509976877	5.261863300589135e-06	1.8190366681190894e-11	2.403113002511937e-05	3.6706336928872406e-05	4.727027760965229e-11	3.6718620253145126e-14	0.0	Heme/chitin
2317	0.002605003680255769	0.3525288281629106	0.007530053044218841	0.4092281504113225	0.00453761806091508	7.572837125660733e-08	0.13839050897085983	0.00019399046288840806	0.002904724433361866	0.0013541172478636345	0.0017565798529264108	0.0014518718689235674	0.005476199216633916	0.07204227181282238	3.1709692403962954e-09	3.874756931278861e-09	0.0	Central nervous system
2323	0.00024101708101902339	0.005222616455026518	0.0452009461113249	0.6409840260816615	0.001141504528301328	1.2689679316397666e-08	0.298840338720849	0.00010126851651633656	3.206367684078209e-05	0.0008382235667986112	0.00019211211472209763	4.822674789175776e-09	0.0004748797525292682	0.006730985830679998	5.0963730911361154e-11	4.1290532305534516e-13	0.0	Central nervous system
2326	1.3959971133702151e-09	2.9848833123797948e-06	0.02288712340795432	0.825647784772108	6.892361183647236e-07	1.190779763012817e-12	0.0041769426893030264	1.3196067531804774e-09	7.723357617802277e-08	1.042538040939012e-07	3.858802682654016e-07	1.3932270920585126e-13	1.6943090069057022e-08	0.1472838879831622	3.6931020183831155e-13	1.25196864463347e-17	0.0	Central nervous system
2369	5.930325422983728e-06	2.687483525715432e-06	0.9958026374983224	0.00010660139694849829	0.003013271353141142	6.934730807014636e-06	2.1925312717332292e-05	5.736520651916458e-06	0.0002819137076901006	1.8367985064616332e-06	1.3741314262712263e-06	4.900976528417278e-07	3.862490109221085e-05	0.0007100292439910849	4.3722552873619505e-09	2.125848772986943e-09	0.0	Motile cilia
2370	2.5187109049425046e-05	4.258990437296297e-05	0.3977931608519924	1.6862226724231036e-05	0.03314316775185824	1.528554552515135e-08	0.0002410318956671521	0.00017767201306968214	0.03931680460428994	0.5280837661281764	1.3792026396182797e-07	2.363497370918188e-05	0.001080334019380484	2.965970286639128e-05	1.6446789295532176e-06	2.4330934104266047e-05	0.0	Heme/chitin
2384	1.2532381147846946e-06	1.364521438039553e-05	0.0007790137463735623	0.5892375527903958	0.01176672942587397	2.8367942091656857e-06	0.06368911915447695	1.1636970390334165e-05	0.00023202846580691093	0.33420034553960737	1.0794012350519944e-06	4.2471659427515185e-12	1.5805927622790266e-05	4.895322925665545e-05	9.800501322781449e-11	4.412441272626256e-15	0.0	Central nervous system
2386	1.401859223095864e-13	6.164042606981648e-11	0.0023479898662608772	0.9812657208689715	6.754828787959638e-10	4.98805440765768e-19	0.016383215235684877	2.284693775957005e-11	2.538404926196509e-10	2.1546654800136247e-08	8.365392423397124e-11	4.982122821285342e-17	2.299178139883056e-14	3.0513848002025773e-06	5.052994773490736e-18	4.321774347613939e-26	0.0	Central nervous system
2387	1.9963547554904608e-11	1.6955229006360993e-09	0.016844855312443372	0.9793365177584884	1.5893803612218874e-08	6.92584100375311e-17	0.003814876118354285	8.363230380677657e-13	8.954277401518226e-10	6.799031824841372e-09	2.9995046587393856e-06	8.862664906407298e-13	1.5918033649471502e-11	7.259846152341745e-07	4.9732321361797484e-14	6.422783601871992e-20	0.0	Central nervous system
2388	1.3850157165211096e-12	4.646697968732281e-11	0.03883592549428517	0.9351947388627426	7.885496670853064e-09	1.5640021748363888e-18	0.02596912951839112	4.6618651385706785e-14	3.196928704005139e-09	1.4346579920502682e-08	2.578109222125352e-10	1.62262902380299e-08	2.6374120413253737e-13	1.6416330555445353e-07	6.644307915154503e-15	3.851473628199077e-23	0.0	Central nervous system
2392	5.16656456885578e-15	2.5728661465511207e-13	0.00905813059297006	0.9594784293329114	8.60719887286779e-11	2.477741378696135e-20	0.03146342299087633	2.5643748132609107e-12	1.1951681978771014e-11	2.2156729215899066e-10	2.9415707558397e-10	3.9026117592572954e-14	1.1824973720614762e-15	1.6466627276500735e-08	4.730078149092946e-17	2.554834840149684e-27	0.0	Central nervous system
2393	4.630490249339461e-16	3.2396937041070928e-15	0.00656096010117513	0.9819843578533162	7.769316936017218e-11	1.4293650322057988e-22	0.011454681541041716	3.2306214862169973e-14	8.056594834976266e-11	1.221414341379106e-10	1.4628163098188418e-11	1.983056589194985e-11	3.512134057480429e-17	1.895713750079478e-10	1.0678933097793943e-16	3.0419884651743067e-30	0.0	Central nervous system
2395	6.416453143406805e-18	1.4626376828658888e-16	6.828257863551165e-05	0.9986558702029065	6.555416637512046e-13	1.2558639985948558e-22	0.0012758454616891548	2.849086488068248e-15	1.2558506671445308e-12	3.2578175111545003e-13	1.6612719245017095e-11	7.193692566813386e-17	2.220087133123803e-18	1.7379158915017595e-09	2.546624172047266e-18	4.719916944291342e-31	0.0	Central nervous system
2397	1.3486527669275225e-16	5.3265927070231394e-15	0.0014443438808344246	0.9863081095478229	1.239026293262213e-11	8.430955371396646e-22	0.01224754469628715	4.085842311204498e-13	4.662395582630075e-12	2.912697547974968e-11	4.34979059590675e-10	2.763077012300494e-15	3.0164529045198627e-17	1.393479862736728e-09	1.4785952276673515e-17	1.162058492387181e-29	0.0	Central nervous system
2401	4.6918625812546455e-17	7.976338903287954e-19	8.969689042537235e-05	0.7017757872230442	1.5082594266438768e-11	1.714532226746605e-21	0.2981345156246635	8.191003346644921e-13	1.1191599861000492e-11	2.3644163269272254e-12	2.2963475487768648e-10	1.534482523657798e-17	3.0937907952958284e-18	2.77424633093329e-12	1.1372529236733627e-18	2.9978186719646127e-34	0.0	Central nervous system
2402	7.904012418751371e-19	1.925440034006155e-20	0.0002513978205191887	0.9178058025896124	1.6377962795876859e-12	1.0457406665936125e-22	0.0819427995425041	7.030318768984449e-15	5.972812930556179e-12	4.3434601895837874e-14	3.7132869356882966e-11	3.4751838563891735e-16	1.7023609122510167e-19	2.570034661155183e-12	3.1642356490898677e-20	8.109163836449234e-35	0.0	Central nervous system
2406	2.185009009458985e-18	9.693524690249221e-21	0.00031626227670984134	0.9255317801998822	2.465296946979597e-12	1.9981419258271717e-22	0.07415195749264153	2.5869097906804833e-14	3.622363881183018e-12	1.1288053263928114e-13	2.2712704898805114e-11	2.5319546361425483e-18	1.6666237523368266e-19	1.8274786701746365e-12	1.567024965335091e-20	1.8200141388139338e-35	0.0	Central nervous system
2408	5.207499843026229e-20	7.527970038476217e-21	2.8896653340024147e-05	0.5611157407283798	6.504524294490331e-13	1.8625270097548903e-22	0.4388553626154719	2.287813690233076e-13	1.939515699649057e-14	1.5833253798741664e-12	3.153524442573165e-13	8.122252993116145e-20	5.614137579480032e-21	1.1114855974708232e-14	1.6030293740574227e-21	1.972746342995212e-38	0.0	Central nervous system
2410	3.439568977977011e-18	3.047333130650673e-20	0.0009237815557834253	0.5912863914821007	1.0618149029190744e-11	9.520458198557364e-21	0.4077898269078679	5.9519143633014806e-12	8.194649325216402e-13	3.538150772113853e-11	1.4006355668120387e-12	1.7185777521998403e-19	1.6651517808623924e-19	7.625546305271418e-14	8.577511661996117e-21	5.565197009278652e-37	0.0	Central nervous system
2431	1.2662425994587792e-06	5.627692378297449e-06	0.9312220543527612	4.920276937902385e-05	0.041134978833207665	2.7787806745718555e-09	0.0006374449585477016	6.697355305536649e-05	0.0077080267342672735	0.015328787864402898	6.323480530547326e-07	3.2775616507870975e-06	0.0017088541865567049	0.0021327231299997293	1.1720602697900685e-07	2.9788333412981907e-08	0.0	Motile cilia
2434	3.977837311204025e-08	1.877497307051894e-07	0.05371600812573581	0.6440701437368286	0.012143120356732068	1.3173077273807788e-10	0.2898820895011366	3.4076682629602904e-06	3.46405805648988e-05	0.00014094953415859813	2.825917871773685e-07	9.83257733198271e-09	4.447020864075319e-08	9.042261763121977e-06	3.368040976896675e-08	2.2299927245933265e-19	0.0	Central nervous system
2435	0.0032478015874853904	0.019681978326349776	0.24739795232366765	0.2757634279709601	0.14476128210309844	4.445006799509561e-06	0.0675837869441183	0.006865905897264057	0.0015359241214502426	0.15998704992996726	0.00018078321156739843	1.3334213006523403e-05	0.07293241244103155	4.339364790258209e-05	3.0781521190223266e-07	2.1446011916799483e-07	0.0	Central nervous system
2436	5.788488136308661e-07	1.7217150159889834e-05	0.0026484364015357726	0.8163808371350542	3.4950631661535885e-05	2.5431243368995006e-11	0.18085162186337375	1.7222682998320988e-06	1.0142459894494139e-07	2.3968850004308887e-05	2.5124769871393458e-05	2.1664193720372467e-11	5.6790390843399453e-08	1.5383818108990883e-05	1.0311171470155929e-12	2.5834711874126516e-18	0.0	Central nervous system
2438	5.081142065154088e-06	1.6065879337569522e-05	0.026236277094303463	0.8572994769071778	5.892476143781857e-05	2.3782290549594945e-10	0.11631181864884592	4.800172227633984e-06	7.859685567688224e-08	3.7866999900317214e-05	9.454728282773192e-06	2.140977353228593e-10	2.8640397364886535e-06	1.7290537557725975e-05	4.034872259907743e-11	2.4380186051891377e-15	0.0	Central nervous system
2439	3.663716609191139e-15	6.1716335433302515e-18	0.9136588643349894	0.04889193769105038	5.973785046194392e-07	8.358286057209174e-20	0.03744860012137522	1.6886891453669204e-13	7.115008374007808e-12	4.292281649506211e-10	1.2301813366391634e-14	7.13024009989325e-12	7.910022624030478e-19	3.0422017790077805e-11	2.7785598465160405e-18	2.0251648053135377e-46	0.0	Motile cilia
2440	0.0006635961275659778	0.02882952287523111	0.027853521915469318	0.3781379323356201	0.002864274642387661	3.5094729801761833e-07	0.4740166993168038	0.0004573915466100713	0.0002541878191016748	0.006650568250510931	0.07307051390838477	1.8697722559666493e-07	0.0014178080487067919	0.005783441656543105	1.3083437285246087e-09	2.324197357389829e-09	0.0	Developing neurons
2443	1.0730581861755542e-06	1.1301268017812262e-06	0.004781224079580019	0.9370776563861142	1.4623750733505391e-05	1.0707329805788291e-10	0.05803747301669178	3.245873526941416e-07	6.6493679818048674e-09	9.021175366345047e-06	3.566212570241858e-07	1.844603658383893e-11	1.2063426930639015e-07	7.698978429413603e-05	4.465948526947469e-12	2.3869714069888507e-17	0.0	Central nervous system
2445	0.06496613857801224	0.0244301916958116	0.7256963772926207	0.06853191723099186	0.024039392420425708	0.0002865158552372584	0.010288140443585534	0.0001341022237416741	0.00036894197684249114	0.00717431837097853	3.191587929485678e-05	6.203702439805922e-06	0.03330763535211438	0.04073819613285349	6.014633168052969e-09	6.830416597939505e-09	0.0	Motile cilia
2522	1.301788012198039e-13	3.9387862118858305e-15	0.001335751475598252	0.6547773060942372	4.3777064627703694e-09	4.544459120992308e-18	0.3438866492521019	2.076658321439566e-11	1.6934047655745065e-09	7.010323981049715e-10	2.845448447860714e-07	1.2585309965861385e-09	1.1488231154028992e-14	5.816282145648871e-10	2.7130767487355034e-15	8.973253031488058e-26	0.0	Central nervous system
2524	3.155357262880117e-13	5.983936038801397e-14	0.05218107163751591	0.8180755724418729	2.3923208966673767e-09	1.3041094859800982e-19	0.12974334137489618	2.8316657399680836e-11	7.957273956093801e-10	4.8366645306847515e-09	6.394936154582422e-09	7.406254083789017e-12	2.2756897919865836e-14	8.994388123385811e-11	1.2276525441855266e-15	8.628377172608795e-26	0.0	Central nervous system
2525	6.640226519223791e-15	6.623614028774286e-14	0.004820362334767347	0.9533725074743541	2.305555946205206e-10	2.1683475708378175e-21	0.04180712829553751	3.2395996920486317e-12	3.152629919043036e-11	5.253511641938928e-10	5.986507590684459e-10	8.1276609911162e-11	8.10386899562842e-17	4.246678330502413e-10	9.487045248994773e-18	7.751956310544623e-30	0.0	Central nervous system
2527	3.4921052164528816e-10	1.8151871697114922e-09	0.0017547613501434744	0.9954684341920257	1.297456491497149e-07	1.182974955512499e-16	0.002774112925336641	2.0975867238793644e-09	3.020914794233632e-08	6.618043537539188e-08	6.485269734845616e-09	8.07660604994422e-09	4.8865724234755934e-11	2.4465245050758857e-06	3.027045720146748e-14	6.27521710486777e-20	0.0	Central nervous system
2528	1.3030646065340873e-13	1.535112926489525e-14	0.0009119137389766561	0.2839765375405154	5.951053298557791e-09	6.866930157681125e-19	0.7151115373432455	1.0188502022869846e-10	8.944193319355363e-10	3.099054092061183e-09	1.243135200755499e-09	9.448876195455576e-15	6.862099427182141e-14	8.749191179460507e-11	8.36011789542864e-17	2.836306965753424e-25	0.0	Developing neurons
2529	1.2418163946344047e-12	1.1077354421448231e-11	0.0002985679106423573	0.9543346384830793	1.6933705965316403e-08	3.966090093308594e-18	0.045366537482882975	4.18881724327301e-11	2.632228687099393e-08	2.257935107557017e-09	1.7462097061366756e-09	2.9678393206327845e-08	1.6351219062873734e-13	1.791304730925648e-07	2.0715513276136382e-14	5.961699700082561e-19	0.0	Central nervous system
2530	1.1879734064642009e-18	1.4568888213101445e-17	2.686084773399151e-06	0.9929703270472412	9.671610101055834e-13	1.9133691705411024e-23	0.007026986762997275	1.888421417409731e-15	7.249333559784853e-13	5.080771837254169e-14	7.587405069927143e-11	8.43201216180362e-18	1.2314031915567226e-19	2.736917834293658e-11	2.2943935455781595e-19	6.938393756269732e-32	0.0	Central nervous system
2592	1.937345432604583e-23	1.6651739297495694e-25	1.5988202916892713e-08	0.9959185947395943	6.196762228888352e-17	6.499375487974051e-26	0.004081341186282952	7.910817491959903e-20	7.662934435297224e-18	4.702662575607127e-18	4.8085883651651256e-08	5.841972144473053e-23	1.561826455388521e-26	3.598476545414309e-14	2.5349854279885283e-24	4.776402073863999e-42	0.0	Central nervous system
2611	0.024808497601941055	0.015956497926003302	0.7707741634155238	0.0014930525779152859	0.08157075661847459	0.0036290684060881605	0.012397023304714741	0.0024860654290978514	0.026154734306101064	0.0021795238642166904	0.0006817639266988186	1.1786500112213347e-05	0.03776767294425762	0.020053879233967488	5.90201520667093e-07	3.4923743366628945e-05	0.0	Motile cilia
2628	3.667215990438428e-05	0.00014596190137438521	0.9782666816057056	3.658830140781469e-05	0.012729628243204671	4.984810723531323e-08	0.00021054823386533144	2.0262535623266294e-05	0.00617944236135157	0.0007819875602650118	7.064346081404248e-07	7.316907685281219e-05	0.0014326964880582238	6.408814645752871e-05	2.4185443743120504e-06	1.9098558839694544e-05	0.0	Motile cilia
2632	0.00031124931233693967	2.1468356997889383e-06	0.611292200222885	5.56938149550404e-06	0.3763485331087613	0.008851646763191983	9.77092496211739e-05	0.00013598632086910767	0.0001785923865912775	0.0011695105925124685	1.3538808576956645e-07	7.839775029833254e-08	0.001328082775536222	0.00027855862681366915	4.621394182887518e-10	1.7571017281218075e-10	0.0	Motile cilia
2633	5.352710971204557e-11	3.617360631522885e-11	0.9999555873996698	1.5076901010316335e-06	2.0909705221264072e-05	2.88313573060187e-13	1.7752931979173968e-06	1.2073915604037225e-09	1.3560970105041444e-05	3.490312462532187e-07	5.6138563058334176e-11	4.0774654366231756e-10	4.6109343434579514e-09	6.303534609650784e-06	3.64716374181591e-12	1.8211166997287215e-15	0.0	Motile cilia
2645	0.16150514772057903	0.11683419776538993	0.10923603537752664	0.2527246104911066	0.22079098797135754	0.01545146569165882	0.004375821233515618	0.003594023930937005	0.05705037678803486	0.004689333155798911	0.008222006111098856	0.001121603728401979	0.03383711368457317	0.01055994104425934	2.683788174218508e-06	4.651517587620446e-06	0.0	Central nervous system
2646	3.8404912895120155e-05	4.0899997284423665e-05	0.9684299851996914	0.02663543052270229	0.0004090610325072024	1.1335353702757952e-06	6.750389441959357e-05	1.238974969381759e-06	0.00011049141801187755	6.517130653153362e-06	5.186833835479015e-07	1.555136045116603e-08	0.0001258988984226494	0.004132899679196358	2.865858544519085e-10	2.825460173443867e-10	0.0	Motile cilia
2648	0.0003996664279083485	0.010960742153762453	0.01987928773603393	0.929964300561066	0.002891115265536187	3.5967004295287784e-08	0.01519378432437886	0.0005445043025895182	0.0012746314290851312	0.004336933747276835	0.0001629199526326241	0.003395152196983526	0.001215736292695003	0.009781133009176563	5.099651495425096e-08	5.637355578172675e-09	0.0	Central nervous system
2649	0.00431489719481105	0.1773364228535818	0.3348522539513763	0.15147142107603626	0.023002226354473833	8.788584855552339e-07	0.014698533982551856	0.0057380300058621535	0.002987880014682286	0.2704538556845264	1.5242759131080104e-05	3.9354161136244263e-07	0.013716933564781385	0.001409714155250238	4.2420266343755356e-08	1.2735825720868597e-06	0.0	Motile cilia
2650	0.014010255954598805	0.00699728338998821	0.016779322314822175	0.9056486056919039	0.016163556079151983	0.00017557498842599525	0.015199088795740045	0.0005927993412607534	0.0006133938035758884	0.0020250694070929995	1.0408878530765672e-05	5.129102911547261e-08	0.002622739079750423	0.0191618215431955	1.813667227166011e-08	1.1304261157086989e-08	0.0	Central nervous system
2651	2.914897312275324e-06	2.1650210213418074e-06	0.007491611388263076	0.9830445273887726	0.0004332400081476726	7.417647458580568e-07	0.007989719339104076	1.5274324602958872e-06	6.495010399000825e-05	0.0009349050483348905	1.5394437237003202e-06	9.656495355666187e-12	3.0446282083661808e-05	1.7115834240609314e-06	2.888978886055811e-10	6.222823977058061e-14	0.0	Central nervous system
2652	4.431195837313628e-08	8.071911854785195e-07	0.0003659756465808394	0.9762779144693113	1.2820342262704073e-06	1.7316177244847544e-11	0.023068362102751733	7.21877214496739e-10	2.053064078122318e-09	2.629039186968032e-07	7.133042077833159e-09	3.543613730636552e-12	6.604502421161754e-09	0.00028533480670115996	2.062032431802562e-14	5.4120041792574185e-18	0.0	Central nervous system
2692	7.246858840054031e-08	5.875132377662563e-07	0.9931017136099927	2.267287831801431e-05	0.00046365266165896254	1.6198784346494574e-11	0.0030668580530544185	1.410060620369155e-06	0.000625927983305286	1.1038488359819355e-05	2.3918556186665616e-07	5.036671604932863e-07	8.87405031797892e-06	0.002696426514108966	1.3529252399139477e-08	9.320263650202494e-09	0.0	Motile cilia
2693	0.00021715158438719804	0.004112570908510901	0.8319911348289293	5.819761014467024e-05	0.0122097346439788	6.267874859549773e-08	0.0023712110946029737	0.0010175824974253931	0.007085355858692458	0.0015272708510789457	3.108593013342157e-05	4.356449529413267e-05	0.05278817925946024	0.06916537918065252	5.342777670632631e-07	0.017380984300193296	0.0	Motile cilia
2694	0.030063586055853696	0.10320661191593028	0.16352619754331113	0.0007543636069059897	0.11457265250023736	2.5913485431241168e-05	0.0006703129821183211	0.0067630362391986	0.06982128185176935	0.0038793308686003547	0.0010088272502840438	0.0016657013000470479	0.15901038210512486	0.021874442950239652	2.3567039448640385e-05	0.32313379230549943	0.0	zero
2695	3.827972052795414e-07	5.5842710154761135e-06	0.4807701955851866	0.0005673311841689598	0.028499142609257105	1.0530872421551935e-11	0.028361363433889824	0.00011125840648196918	0.443240464955392	0.017795043344866295	3.290936462266497e-06	3.3426322823584664e-06	0.0004384580308293951	0.00019768337969151194	2.5012420262178906e-07	6.208298537332726e-06	0.0	Motile cilia
2703	0.019870075149365965	9.123196457582333e-06	0.16982058100000325	0.0213543914887319	0.004439553422181888	0.00010438563602514864	0.03216854859429338	0.7501924750870221	3.3630168490847435e-05	0.0019532993159957837	1.5470761709816575e-05	3.068001807976075e-07	3.754643177483589e-05	6.129184806288389e-07	2.928550514818449e-11	5.357158026208208e-16	0.0	Epidermis
2710	0.004318052660263927	0.004603476842423722	0.12067537405772139	0.4969545153931342	0.06919858224860592	0.010513686557789557	0.008341705063251855	0.0008028835648022409	0.005478695123739916	0.17914139424770922	6.386687609693809e-07	9.863275458539127e-08	0.0051438153320368185	0.0948270762549914	5.093646952561303e-09	2.5836734334994913e-10	0.0	Central nervous system
2712	1.0476873390467595e-12	9.831841751714099e-11	0.014366073371189501	0.896111433542969	6.329462107880721e-07	2.0717433011669343e-18	0.08951957048157753	9.976748917413611e-11	2.1306841321847248e-07	4.970194597664472e-07	7.779293354253664e-09	1.226709564152153e-07	3.846474931836317e-11	1.4488697717028486e-06	1.2560645032720918e-11	9.874019500168594e-19	0.0	Central nervous system
2713	9.603106019539782e-13	1.4302920426710834e-11	0.001931212330908885	0.9856471096914506	1.3646396100981593e-08	1.5334586575864561e-18	0.012421473675205753	8.975071767628837e-10	1.302832781096135e-10	8.219483728150033e-09	1.0903254361676567e-08	2.28797519133375e-13	5.273403452539579e-13	1.7048949064053432e-07	1.202524075145518e-16	3.7978460527121777e-22	0.0	Central nervous system
2714	2.3112525740727296e-11	1.2708250310184385e-13	0.0027935914443664163	0.9642051703848787	1.607399482292792e-08	7.766995153279379e-17	0.03300112820950313	8.641133241881323e-10	4.4493217937656036e-10	6.537639947022953e-08	2.586662410783177e-08	1.569430584705534e-11	1.3311887734107344e-12	1.2949202408372854e-09	2.7146652273742146e-15	1.0029489710315353e-24	0.0	Central nervous system
2716	8.801856432899912e-14	6.949954780850601e-16	0.0009625903968247863	0.15245144549934644	1.6936071761405787e-09	1.5494128120803017e-18	0.8465859580987111	3.460046051447801e-11	5.3277278718969887e-11	6.594469715992745e-10	3.436445296893231e-09	4.654189650682051e-16	1.0468634908600712e-14	1.2764096393532905e-10	5.1947327988443116e-17	2.6280304819183736e-28	0.0	Developing neurons
2717	3.6322382976363863e-10	6.3514611001768635e-12	0.011772748479198411	0.20821214448178554	4.987305174358946e-07	1.0390800547964476e-15	0.7800084467162577	5.810881531237955e-09	2.629843786561917e-08	1.2918366750805098e-07	5.6324690073012225e-06	3.5527101290014186e-07	2.0423055045988843e-11	1.2169205158532113e-08	2.922435455062076e-14	6.664709653330146e-20	0.0	Developing neurons
2720	3.320274856859871e-12	4.110877751927575e-14	0.004591670529659826	0.45250845414739294	9.616410031933759e-09	8.329646878338407e-18	0.5428998470450073	2.972321161912866e-11	1.7408695291128622e-09	5.090023199296393e-09	1.1093865948891974e-08	1.0321914227539305e-10	3.9567733414131315e-15	6.004631836231934e-10	1.972663779970631e-16	3.825182185040074e-25	0.0	Developing neurons
2726	1.2723181115160498e-19	1.2211520466190271e-20	3.500772630603639e-06	0.7315970853200812	4.703306861458385e-13	6.751450842245954e-23	0.2683994139060926	1.4202880337554614e-14	2.6763863987494705e-14	1.0484660809521933e-13	5.463986707305127e-13	2.761949028762774e-19	2.2675434517496228e-20	3.321286662997421e-14	3.108541515965321e-21	6.731489547153148e-37	0.0	Central nervous system
2747	6.125315096804509e-06	1.870870677390135e-06	0.6847085499279328	0.2698541418564103	0.017692577640294214	1.5673071846716588e-11	0.02375124604862489	0.00011179362787037683	0.0016633309178114963	0.002205242709040561	1.2719946410590494e-06	3.570602463939292e-07	2.827800686489983e-06	1.3586331892799261e-07	5.283516646930629e-07	1.0557970025271968e-14	0.0	Motile cilia
2748	0.11339035361447346	0.0006109663467673421	0.14583766063161993	0.125372155581463	0.03616216833079214	5.157739271510879e-06	0.4816531716999318	0.0076414484651510794	0.031854953100805904	0.014604367636922536	0.009921610321221488	0.032849212364143815	7.406406022920395e-05	2.2695595482961374e-05	1.4477256912386775e-08	3.4466761964235105e-11	0.0	Developing neurons
2754	0.014377963573011745	0.8731467776393587	0.0010907607014198671	0.015239023061716	0.009521455028831819	4.864208585677707e-06	0.0037721056328148886	0.0024600108241775395	0.0006516577925442219	0.014006273442442515	0.0005340039968377904	5.980585549115733e-06	0.051441227637068376	0.013724266172823194	2.2082035572912157e-07	2.3408882462928357e-05	0.0	Midgut
2755	0.30987792778119694	0.18099432263360044	0.0479130745369621	0.06348241955630876	0.09033932734210672	4.830296853931829e-06	0.22031554264730704	0.011901222421612375	0.0006091291889133661	0.021693140989601872	0.003103386580917498	0.03604892008001871	0.011437739263674978	0.0022789826892568414	2.582483552325609e-08	8.166832745058481e-09	0.0	Cardiovascular system
2763	0.00010146154390198576	4.106588999770948e-06	0.003982377896193462	0.00010167137335753172	0.003701689619562525	2.2050747188560192e-07	1.8931872168249886e-05	2.513826567261775e-06	0.0023126121645510324	0.011183233046632036	1.4028269347245539e-08	0.9784058439792545	0.00016788792223140715	1.7406379498442212e-05	2.79772937838262e-08	1.2740465932035788e-09	0.0	Glia
2811	1.084053908716924e-15	2.407025335838296e-15	0.0013967641598613373	0.8697953851816164	4.037283813627124e-09	5.291281124897519e-19	0.12880776589592918	5.350380303166875e-14	1.2344355934286793e-09	3.994127222355799e-10	3.004105363942374e-08	1.9056088892212992e-15	2.505536506931697e-16	4.905034801360631e-08	1.4531151167371944e-16	3.1718121012591016e-29	0.0	Central nervous system
2825	1.786991464819518e-13	6.201300094486713e-16	0.0017210982398165196	0.21847850149852657	3.5301735234626516e-09	1.2112775921553635e-18	0.7798003900073238	2.824303017185605e-11	8.126726668338236e-11	1.1617954429038252e-09	5.414097351407475e-09	2.050757839832574e-12	3.4809080511987163e-15	3.6523018226017755e-11	9.400794939998841e-18	1.8884010353690414e-27	0.0	Developing neurons
2829	5.381271595974159e-16	1.4341211076324764e-16	0.0002332839624563915	0.8015552378511989	1.740889516578664e-10	6.520995951515484e-20	0.19821124680010718	1.2355596233804228e-12	1.7676431250632178e-10	8.915282308064078e-11	2.308303118456044e-07	9.882596684240814e-16	1.0797507665883758e-16	1.1468190460809341e-10	7.319639283968823e-17	1.5010003414256468e-26	0.0	Central nervous system
2830	2.1530848945881866e-17	1.8031793403687817e-18	0.0004526922470006813	0.6234921141281432	2.1444855279975822e-11	7.584569014207664e-21	0.3760551863981196	1.5599001751518742e-12	2.268022295307073e-12	1.8334351477067847e-12	7.195100195792858e-09	2.661640186460016e-17	1.311067083059697e-17	4.53000450639659e-12	4.546099707492263e-19	4.682450250382578e-31	0.0	Central nervous system
2831	1.0715707159185801e-14	2.912157742403153e-14	2.687055349318327e-05	0.8296257584479166	3.807760776327412e-10	8.6298022980231735e-19	0.17034612461478546	4.4820320363226985e-13	1.7512803887983693e-09	3.223417384022275e-11	1.24156156107558e-06	1.6800884988886235e-13	5.8684947073655674e-15	2.6572875873995558e-09	3.5138910492271737e-15	8.946008298480154e-21	0.0	Central nervous system
2832	4.9991555496219645e-18	4.288708440450787e-19	0.00010366502820438958	0.5265592413280137	9.68416050504426e-12	2.402556544894761e-22	0.4733370907915227	4.7730375970548355e-14	6.451199869483962e-13	8.017901936503166e-13	2.8397256926407428e-09	1.2814107658986523e-18	8.296706223924208e-19	1.3547007804958103e-12	7.176203813338223e-20	9.145341916573004e-32	0.0	Central nervous system
2836	4.264832607658641e-09	5.391262463598837e-09	0.0024497434814456658	0.34516761855123435	2.41890064882425e-06	1.167102031350467e-13	0.652345448957424	3.869425519174778e-09	9.772525919826412e-06	7.814440824024337e-08	2.261133487615869e-05	1.0358712617471188e-06	4.040562959958389e-10	1.2582744571526968e-06	2.8579113512098688e-11	5.152368233215374e-14	0.0	Developing neurons
2913	4.0013308059693934e-14	7.025511311576991e-13	0.002205216076996226	0.5334640248742956	5.332796854282363e-05	3.117887933438084e-20	0.4641594302140692	0.00011756477743195243	6.5073363404971296e-09	3.123271678788518e-07	4.582251454179694e-13	6.47789844618948e-11	2.6366694672095223e-14	1.1718815375344399e-07	1.275996596062188e-16	3.2146205250155e-37	0.0	Central nervous system
2922	5.735955580767207e-18	4.691024501144775e-18	0.00705696300178141	0.9648434480461692	1.0077153015978985e-10	3.693532216990413e-21	0.017342909737659184	3.3994646417453715e-15	8.53189037922906e-13	3.136235407612973e-13	0.010756668944531303	7.094500590046965e-14	1.7949284334486364e-18	1.0167845948114583e-08	9.593445659356526e-17	1.715002942906452e-28	0.0	Central nervous system
3075	4.596964413061428e-17	1.567399357949891e-17	5.34256478712862e-05	0.9988359107012597	1.2023660219398958e-10	9.668187667121424e-21	0.001110663366935568	6.9253959168323015e-15	4.97680980768589e-12	2.5295569920661374e-12	9.489867643175739e-11	9.700156311594301e-18	2.2284495599061427e-18	6.128474015387816e-11	1.6894390010550828e-16	3.169936028736013e-30	0.0	Central nervous system
3080	1.3391841906827185e-16	1.965622149267909e-16	0.00013868027137008064	0.9432409689126955	4.248102384181478e-11	1.0041301921097541e-20	0.056620349543680254	7.38747203277614e-15	1.491642367397289e-11	1.5625426483137522e-12	1.0965116260309089e-09	9.714301014920933e-17	1.2109050848622433e-16	1.1677471992356247e-10	1.2429804570295252e-18	6.610902722565603e-29	0.0	Central nervous system
3087	1.0069509463028623e-15	1.6015071761107554e-15	0.00015736517268027106	0.9658864494472846	5.5281922382593774e-11	5.886007990288698e-19	0.033952111018640714	1.337825252289331e-14	7.794171238935994e-10	1.3888798881923665e-12	4.057128935575089e-06	1.528728902824287e-14	1.9957318052157787e-16	1.6396338738836957e-08	5.930950937497808e-16	1.9531713275528675e-22	0.0	Central nervous system
3113	2.0826217483276726e-17	1.9589590057441888e-17	2.2346718261484683e-08	0.00028050490283716624	2.0973630714631922e-13	3.5408264631779576e-22	0.00014893263473981282	6.049765128281721e-15	2.3944885636792473e-14	1.0634753700315292e-14	0.9995705244140637	1.5357134444691145e-16	1.211021403227987e-19	1.5701390557110928e-08	2.771088203207041e-20	1.0992330437198812e-30	0.0	Anterior nervous system
3127	1.1818052800484009e-17	6.505403434854721e-19	5.747120056680816e-06	0.9512803175375008	5.619298853057874e-12	3.4891625156440144e-23	0.04871048485380745	2.3919832974056494e-14	1.0226837740459811e-13	6.567064631254545e-13	3.450429661409792e-06	5.131397510921337e-16	2.0767393380932087e-19	5.2570859443320177e-11	1.3462062282576579e-18	2.4412541071919535e-31	0.0	Central nervous system
3129	1.878756999454415e-18	1.004205528370042e-18	1.236210783130883e-06	0.9918171480745749	8.234392935108568e-12	6.950275828897833e-23	0.008180668707336261	2.68138246568202e-15	2.35114995960903e-13	3.0070019112329537e-13	9.468969762314987e-07	3.295199796197055e-16	7.88264446558472e-19	1.0147069112895387e-10	8.543859954015333e-14	7.326870148846991e-32	0.0	Central nervous system
3154	0.00020045747746445404	0.006639703327207884	0.0014684167003278764	0.00030430256466312724	0.008766431116454058	1.0467133757687217e-09	0.0004366535039905119	0.0010959408556856255	0.19293764416721215	0.004569204249962788	0.0003224119614074683	0.0015615253648432917	0.029691444256652016	0.0001318211981472811	3.1835728762688246e-05	0.7518422064805054	0.0	zero
3155	1.8858480800777239e-06	0.00017352101746654058	0.00010627475238981503	1.5379033620039476e-07	0.003718467442151433	4.5195407267353174e-12	7.918725471042658e-06	0.9902578703207741	0.001598639395114673	0.0029719315986861954	3.733368544618123e-07	2.257517746085902e-07	0.0011112134877930694	6.657673408985725e-08	4.100233016988487e-09	5.1453851621105236e-05	0.0	Epidermis
3157	0.0002206829184193171	0.010310825648619446	9.620863175210409e-05	4.725472467521214e-06	0.0018107545247545665	1.7866544673015725e-09	5.8901609143595615e-06	0.0003108920218732301	0.0008459053960708578	0.0002872342186220676	8.539267297967576e-05	4.0531732086900184e-05	0.004807097971376449	7.97876233540596e-06	9.958796619891262e-07	0.9811648822014116	0.0	zero
3180	5.753103960197138e-16	3.638946058074472e-16	0.0034461779878434315	0.8711762796882697	9.791285967056935e-10	3.7724867820321614e-19	0.12536479456693184	1.9987078619503975e-14	5.119140116355457e-12	1.8864660995340775e-12	1.2724084182895593e-05	3.2925071749434995e-15	2.93844916825657e-17	2.2686613808223227e-08	5.9186797597666606e-18	6.146625617495558e-30	0.0	Central nervous system
3220	4.634855847061789e-18	1.4394464881711976e-18	2.0170004685258896e-06	0.37906055088417534	5.141551061130671e-13	1.3331739072700258e-23	0.6200510250832386	3.295235561889395e-14	2.2015505392196094e-14	3.396591612024522e-13	0.000886407024369564	1.6360455215073202e-15	3.1492796213408404e-20	6.837586672326581e-12	2.6764286340261874e-19	1.489724685342568e-29	0.0	Developing neurons
3221	4.280235429093105e-22	3.810148108704642e-23	2.1602504897943382e-08	0.7324271351216641	9.59284422113119e-17	3.978044732075138e-27	0.2659322249331844	8.006889981395183e-20	2.251814881274086e-19	2.0038290043879803e-17	0.0016406183265509943	1.8461379759441117e-20	1.1404666980217922e-24	1.609549250146592e-11	2.024735574564025e-21	6.110338944640993e-40	0.0	Central nervous system
3222	4.356693181669769e-25	1.4584183023679338e-26	1.710852018908736e-08	0.11646808282415287	3.0703977109711396e-18	1.5715345822616234e-30	0.8835161320719342	5.295790182778758e-20	6.913332810189009e-20	1.0095750495897193e-16	1.5767994076671385e-05	8.271827625338899e-20	1.8000346052247155e-28	1.3157930394415572e-12	1.0088677344671674e-24	2.366826182605548e-45	0.0	Developing neurons
3223	1.756195862218718e-10	4.4432867372806775e-12	0.013112390398142649	0.42751550653579945	8.577733393771686e-09	8.118694150617399e-17	0.556786999901972	3.2854356380297536e-09	3.712260497480722e-09	6.947735253605143e-08	0.002583600134650129	1.0868762734527937e-10	1.2005986782038261e-10	1.4175466911369577e-06	2.1151915628824275e-11	2.4115609470324028e-20	0.0	Developing neurons
3224	1.917914889338662e-27	3.2248831489569178e-28	1.998023482368008e-09	0.9950066639243808	5.451956632617325e-20	1.9494896691186697e-31	0.003051587394867308	2.194817052187519e-22	1.43982100833603e-21	2.0617416556760868e-19	0.0019417466825089643	4.634379476277648e-21	8.932317872296089e-29	2.1951833783563644e-13	2.654089523934076e-25	7.938261997844971e-46	0.0	Central nervous system
3225	1.7742462054289455e-14	1.722218791369438e-14	9.097440866058869e-05	0.005070372753784679	8.326259546461055e-10	1.6264195893329886e-19	0.9914868752227176	1.0315953573115832e-09	4.6835765728129855e-12	5.288160615367028e-08	0.0033517068871219743	9.494261743257714e-13	3.254096397782072e-14	1.597616016686002e-08	2.6670913158657893e-14	2.8160955382438865e-24	0.0	Developing neurons
3226	2.047330701828757e-22	6.234571667732513e-23	1.2635500602208873e-08	0.06166756012669644	2.0987364088960326e-16	3.1782273500889066e-28	0.1749759514701242	1.4679472885566828e-18	1.777438533683674e-19	6.206284972752638e-15	0.7633564757551747	7.684324637990965e-18	6.742623775766962e-25	1.2497538863048877e-11	1.4104535790046355e-20	3.333224320984299e-40	0.0	Anterior nervous system
3227	1.2097102720953385e-11	4.453573881790597e-11	0.02147835342710509	0.014543523725519805	4.113248019479567e-06	4.9739271469148213e-17	0.9635921820214944	1.918911525750247e-06	1.468855830044418e-07	2.8030151402698004e-05	0.0003515476822206875	3.748689652219593e-11	3.007214206344474e-11	1.8382268889329023e-07	2.480188435296135e-13	1.1866264368645645e-17	0.0	Developing neurons
3233	2.174402846630972e-18	2.3347327929267893e-19	6.422207640516522e-05	0.35501525778929643	6.01994158769065e-13	1.6583745061093158e-23	0.33026121347802706	1.8439344034572085e-15	1.6275769561692098e-13	1.1227237761310062e-13	0.31465927282648093	4.3046219764087163e-13	3.374984454239194e-19	3.382848083999903e-08	2.1452665009143484e-16	1.0726945090988955e-31	0.0	Central nervous system
3259	0.26760369194750006	0.048875450907135264	0.0010729492861167743	7.84278871928297e-05	0.09535650240917394	0.10977087567459931	0.00011201857907989597	0.20910966775999942	0.0015013258648860965	0.1512712487808685	3.239882225663533e-06	4.6825642053096676e-05	0.11489732535641681	4.794917152588057e-06	4.765040392078212e-07	0.0002951786015604503	0.0	Cardiovascular system
3286	3.4181523145511608e-12	7.260671209209308e-12	0.012397372203306598	0.9844619644976644	3.6521464750921503e-06	4.656846799080095e-17	0.0031344062890940106	3.4808911590112774e-10	2.5824022839137757e-06	1.808442207725508e-08	2.7776201993748783e-09	1.3864273102026326e-14	2.377893386663992e-12	1.2372571284054495e-09	7.168868866466825e-13	1.3899234346634592e-20	0.0	Central nervous system
3287	2.833454424027823e-13	1.9582277379380605e-12	0.012914380387998263	0.9548654450899375	1.7291999868472532e-06	1.668139157949662e-18	0.03221481428703328	8.487162413089187e-11	3.6207430450495215e-06	7.501258407275937e-09	2.0166785182765267e-09	5.830840236044436e-13	4.6472060464668985e-14	6.847095500252437e-10	1.6098794207168865e-12	9.497717573480892e-22	0.0	Central nervous system
3288	4.890529351184294e-09	8.493562268262095e-09	0.10968816992313726	0.8834349775623048	7.033867962447908e-05	9.183687844975196e-14	0.006803816505190948	1.9803106400725315e-09	7.41152772311143e-07	1.8689521027719627e-06	2.633894566982461e-08	4.310888246801259e-10	1.5273588340625618e-10	4.4932992243046575e-08	4.610745138896637e-12	1.6998265004264084e-19	0.0	Central nervous system
3291	0.0011775982508105234	0.004476560602451678	0.31334266350049106	0.27388515320964585	0.05480276499689241	5.393679846305797e-08	0.07564185944635396	0.0032502772974201837	0.05957780502702828	0.13827058721068974	8.754906730104441e-05	0.0736765120115482	0.0017578469069072875	4.6416456406187384e-05	1.806386861422476e-07	6.171440569045797e-06	0.0	Motile cilia
3365	1.090936844641845e-14	1.0138498628394386e-14	1.5712640045482707e-05	0.9339866572027631	2.987005851748895e-10	1.3599699056153588e-19	0.0659976153612882	2.4531252020985642e-12	2.0975615750765894e-11	2.1178341388597066e-10	1.3965405062871515e-08	5.359498006614215e-15	1.7203878011668982e-15	2.9267669723934204e-10	3.880731207280463e-12	3.5439574033920596e-27	0.0	Central nervous system
3395	2.2839924227551127e-07	9.560175470658652e-09	0.029448870981074987	0.010919349330541447	5.510833810625906e-07	6.757009518618432e-14	0.9501090011116141	3.538282533495337e-06	8.696232863280923e-07	5.669591569322523e-06	0.008977217219243118	6.271942274848951e-09	1.5986136009356102e-06	0.0005330897458094943	1.8590778123335948e-10	1.0243166198080153e-14	0.0	Developing neurons
3401	3.7690286082815934e-22	1.3952330925645797e-23	2.8576846602632505e-08	0.9374412057640745	4.056306349351917e-16	7.727071699936817e-27	0.059489142723145864	9.359552571966682e-19	4.2212060658457425e-19	5.520366349123357e-17	0.003069622934657997	1.1893617382166054e-19	1.1032599000798167e-23	1.2744895299388847e-12	5.71483317783692e-20	6.693482113009834e-38	0.0	Central nervous system
3405	8.197076497963072e-24	2.8022105071041156e-25	8.664271350648381e-08	0.9646680673735247	3.523823446178398e-17	6.014813617118395e-27	0.03513414546517805	3.316429394125206e-20	2.3152768213194277e-20	3.329199251145348e-17	0.0001977005147127099	7.587389459744742e-22	4.864959101021079e-27	3.8709977493857944e-12	2.5121596368697344e-23	9.043855984046208e-43	0.0	Central nervous system
3409	5.800059779558554e-25	1.994241379465794e-27	1.8229643314214404e-06	0.613849142751081	1.890023896831776e-18	4.6780010492963256e-30	0.15903604453345233	3.4135707620283544e-22	1.3070018334049792e-21	1.4548550010711002e-17	0.22711298972915095	6.775417617867725e-19	4.6081477839139575e-27	2.1984329740243028e-11	2.297842021048601e-22	1.5699525063402845e-46	0.0	Central nervous system
3410	1.5710596329190712e-25	2.1162819358700342e-30	1.8810505493103936e-08	0.24797560257704376	1.6820717250162403e-20	5.029630908311377e-31	0.03284018539422322	2.667217787930277e-22	3.0165358797434705e-22	1.3203259813635757e-19	0.7191841932182272	3.665858379266483e-21	1.231256315744942e-30	2.210528861732583e-16	3.215403208157593e-27	1.398099866208629e-50	0.0	Anterior nervous system
3411	4.501996296913901e-27	4.0809560964811374e-30	7.3328090669188286e-09	0.1840963533257261	8.376141725943258e-20	5.801459630187063e-32	0.26645204235160047	1.7929091626186392e-22	3.337602343910371e-24	2.27116974746889e-19	0.549451596986708	1.152350587483597e-21	1.966220513356312e-31	3.1564414511664344e-12	5.851011033164482e-24	1.4246753962489485e-53	0.0	Anterior nervous system
3414	8.134498591488825e-22	3.7997531593243816e-25	6.949731128502624e-06	0.9717447273617474	1.8351479644722427e-16	1.068257289246196e-26	0.028247586477510807	8.961034717217426e-18	7.649904424188397e-17	4.876468770173486e-15	7.364295857556385e-07	8.004148466462976e-19	4.417725833580704e-25	2.2325268437327006e-14	1.0726090603341088e-22	9.431362347117198e-43	0.0	Central nervous system
3416	2.6195736782765915e-25	4.375460499275876e-29	2.1566287028646312e-07	0.9948855337651314	1.0218433662100824e-19	1.8215624997674265e-29	0.0047434587522676135	7.032658506124461e-22	2.5044499492816146e-20	1.5873416136341871e-18	0.0003707918194463089	5.485324298478376e-22	4.6701317339645934e-29	2.8433236865951704e-13	1.9002878846881869e-25	5.583901591601434e-48	0.0	Central nervous system
3418	7.181270403666574e-20	1.691243723530335e-20	2.217995485137348e-05	0.9508083482141664	5.20486000284399e-13	1.9596361769364113e-24	0.04916945912305437	4.554616860170138e-16	8.424576158176688e-17	6.552572904860327e-14	1.2582908768101141e-08	7.839544806283108e-19	3.1964234712025016e-21	1.2443121895283025e-10	1.4743442474760477e-15	1.2536458054717377e-38	0.0	Central nervous system
3419	1.3764124155124744e-22	3.874826003034206e-22	2.555956798923718e-07	0.997717011594125	1.551491204550189e-14	3.999741854152104e-27	0.0022827313859045645	1.628777562326515e-17	3.3815553909819527e-12	5.884621466445275e-14	1.4195997884459154e-09	2.548750175268294e-17	2.90920262395794e-22	1.2349125975476071e-12	3.3558511151566584e-20	3.324767944840996e-34	0.0	Central nervous system
3421	1.019287747425687e-17	2.2997297869424382e-17	0.00042840082023969616	0.6957372857385302	6.275683849343618e-12	1.3776115280104274e-22	0.3038306176438372	1.246016004556939e-14	7.542139246269653e-13	1.0882718128240113e-12	3.6956179090316154e-06	1.5854260088224905e-15	6.890125069934503e-17	1.5491100190521237e-10	1.6440820494817635e-11	2.722808002826383e-31	0.0	Central nervous system
3423	1.020780707953568e-06	1.2752061960386587e-08	0.00022531430323068931	0.00036791519091074974	0.0035536187648814656	7.717670809285662e-11	0.022070270676823874	0.0003300899261985791	7.909595010327026e-05	0.9733362602674485	2.2554717148608823e-05	1.879842577237188e-09	1.372417091441966e-05	1.709090918189626e-08	1.0344148382836374e-07	1.0157651580636952e-11	0.0	Heme/chitin
3424	7.493813192032079e-11	3.196781206731019e-10	0.005486080523302731	0.7966306237488369	3.6295721865718845e-06	1.2972736891824063e-14	0.1976442432677364	1.3139381732324431e-06	1.1728790469529448e-07	1.4832845848410344e-05	0.00021874519361172705	8.053483314553174e-13	2.2825877282127478e-09	4.1086882840258423e-07	7.554718685842584e-11	1.530188399291224e-15	0.0	Central nervous system
3435	7.558083042083625e-19	2.2813427006204883e-21	3.813561675465899e-06	0.9945928493870827	1.0971115663975733e-12	6.225972259869535e-21	0.0054033083227698	5.581080017295663e-16	3.641530403146795e-15	7.117674271894624e-16	2.8714110517523903e-08	8.49754143302107e-18	6.015627964542505e-21	1.3259502488137383e-11	1.2202811408349347e-22	4.221664144399084e-36	0.0	Central nervous system
3436	2.68777888791066e-09	2.014295758961324e-12	0.00033153962826021886	0.4328765228425656	2.0532669717139993e-06	9.314231321711559e-15	0.43335758447796974	7.678548732367076e-08	1.1144661850406612e-10	1.9172506726892435e-08	0.13343212734554577	5.714446067553786e-12	1.4748082665514736e-11	7.365887189464892e-08	1.0906441067040481e-13	2.423710679572071e-20	0.0	Developing neurons
3444	6.65874315535417e-05	0.002369721200509511	0.0009721798666901401	8.133416560610393e-05	0.0009945774040126928	2.2681382012541843e-09	3.860283241376751e-05	0.0001123754883505823	0.07804770512079746	0.0031841991810454733	0.0001349465792764271	0.0004547112082144012	0.035521993719418166	0.00027223046220161063	5.683044287427411e-06	0.8777431500274845	0.0	zero
3491	0.011835720125304572	8.838448591688828e-05	0.018546063187130188	0.0009885465073216056	0.005752484516000157	8.789112886227543e-07	0.011811828539353775	0.00744263886816599	0.00046686606687637333	0.9424977504392328	2.816433313845086e-07	0.00013001509003602625	0.0004383590599390695	1.423315363247711e-07	1.1003310571191654e-08	2.9225255665637682e-08	0.0	Heme/chitin
3520	1.5582539774383327e-23	3.19331330771565e-25	4.0513528228530836e-07	0.9982782502653059	8.065294067355354e-17	6.44105499487124e-28	0.001714716151362611	7.91529807295447e-20	2.217632136990123e-20	6.007369236873431e-18	6.628349870805893e-06	1.096287822094442e-21	1.8738082367750406e-27	9.817836842074476e-11	1.1653989403093228e-22	5.16562256558615e-47	0.0	Central nervous system
3522	2.2945652423048525e-25	3.519825768730377e-27	2.2325481310376077e-08	0.4553292358582592	1.0574738542054474e-17	2.9795583052121785e-30	0.07161166576244517	5.847172618117551e-22	3.2728171731538394e-22	1.5327938593395298e-18	0.4730590745012979	2.535409899122014e-20	5.267420650725672e-28	1.552516277183407e-09	2.8217662898868375e-21	6.734486084330577e-48	0.0	Anterior nervous system
3524	3.250027430685224e-22	3.48801158053396e-27	1.1433409619902177e-07	0.7820141697888944	4.309004299193643e-18	8.862183926993293e-29	0.17878414054531483	1.1042516388290845e-20	9.105717588401415e-22	1.4427428721073643e-17	0.03920157533121893	1.272603247259619e-20	1.1818627983558767e-27	4.757174842771921e-13	1.4011621412102931e-24	1.4147907410354175e-50	0.0	Central nervous system
3525	5.589312774528739e-19	2.3070689844951457e-19	6.806364440378717e-06	0.8871832469866441	3.9812749735428453e-14	1.6112442238788656e-24	0.006037148458841352	2.1791680018891383e-16	8.250390156991612e-14	2.202058621554185e-15	0.10677274949336565	1.9841596974537207e-13	1.7859161830225918e-19	4.869638564425173e-08	2.2569946742280778e-17	1.2862257335986476e-29	0.0	Central nervous system
3526	1.56100479412067e-13	2.4721032654167384e-16	5.1400416725259205e-06	0.009029665026170633	8.513989593691314e-13	1.9369263743384006e-20	0.00871725709248029	2.619985437865456e-12	1.555518543940205e-13	5.927586894884668e-12	0.9822479354719986	3.1037404273822837e-11	4.697414852105605e-16	2.326928673428754e-09	5.791007476242842e-16	9.638416338143592e-27	0.0	Anterior nervous system
3529	3.753469097442989e-11	9.953947992077671e-11	0.0021249906286191222	0.988133347678573	9.350866134390423e-06	8.490662800355595e-17	0.009728957305985999	5.027222240250333e-10	3.2182916008736245e-06	5.101549969985818e-08	6.908484172378914e-08	4.981290430156526e-13	3.8714647705712185e-12	1.4479631616007116e-08	4.947641571285019e-12	1.60816147334751e-18	0.0	Central nervous system
3540	0.0016136801525332284	0.04700712070295973	0.14057964115544364	0.0451026558043757	0.054159368859257075	1.180848645378084e-06	0.08195957107435073	0.10976118198283638	0.09099844093059017	0.37274202647170207	0.0012497558339249228	0.00022046011913354904	0.013714911139875514	0.001211898143425477	2.513202504127661e-06	0.039675593578442546	0.0	Heme/chitin
3545	0.004523822141854287	0.0734455909805143	0.004128779370090502	0.003128871100305863	0.033205992145777435	1.1177187915577735e-06	0.006452118914137019	0.0028699451176502507	0.03502907033219634	0.0034864569424911986	0.0026649075068145844	0.0005539113718115937	0.13339234875592965	0.0033755382875712728	1.1100927057254905e-05	0.6937304283870069	0.0	zero
3587	8.820607851980718e-12	1.3497480238564336e-11	0.10152969113223494	0.8969348137757199	4.669586574593086e-06	9.573268885544963e-17	0.0015303655001962788	2.7690718447351774e-10	3.8907808110840747e-07	1.8541638625839222e-08	5.072081866385047e-08	3.975707978476662e-11	2.616695097563153e-12	1.322964689789628e-09	1.7176966126270279e-13	1.8561731448573165e-18	0.0	Central nervous system
3611	6.529083977742384e-06	1.6296941995418777e-06	0.20342080915545427	0.5136922178170952	3.69987035074029e-05	1.840562947611093e-10	0.2823790456123434	3.182046093933985e-06	6.919253216419506e-05	5.2515069390408636e-05	3.6551210129597976e-05	5.360170466506559e-10	0.00017210100867313824	0.00012922533653490908	6.041847662843435e-10	1.4061781561418018e-09	0.0	Central nervous system
3633	0.6682688288367069	0.08509568431511823	0.017112399778206014	0.0023274136892012898	0.10407754047705989	0.0004233633730924945	0.0015580603985364304	0.008665745677484007	0.001338857809453589	0.029448963910611883	0.0001892759380947889	0.0028767378713966145	0.07861300948365262	2.9960575964026247e-06	7.826224603860373e-09	1.1145575643961697e-06	0.0	Cardiovascular system
3677	0.23557904745030223	1.0973889491545632e-05	0.11831279443680805	0.014277452288180177	0.004992858927184187	0.5265753049849885	0.008814076304167914	6.754466207464567e-06	0.06377367639593313	0.00015359084206850715	1.9223122722426794e-06	3.210599832253285e-06	0.02746047939178574	3.783705883073405e-05	2.062347421279961e-08	2.8473066973750043e-11	0.0	Somatic musculature
3692	6.1367329078374915e-19	3.008143203043532e-20	2.604131616794445e-05	0.9971657557361147	1.7775160132050186e-11	4.3695091596595345e-22	0.0028082029248141893	3.4107155483039107e-15	1.21031404216665e-14	1.33999135517863e-13	4.968996508408528e-12	2.4453673918211073e-20	4.546431632980618e-20	8.891139397831114e-15	6.83326787714545e-16	3.678687081131988e-35	0.0	Central nervous system
3699	0.0003474596342627554	0.000880424513149766	0.6367260864505354	0.2408878078387787	0.030370562402240894	2.0184813400301698e-09	0.06391640660132993	0.0023417556461972034	0.0018814231573266217	0.017987937820013407	0.00020719843908932354	1.955575857569752e-05	0.004422674565042294	1.100440666551272e-06	1.757032577737099e-08	9.587143984423739e-06	0.0	Motile cilia
3701	0.0001080875589453988	0.00010322941926915083	0.06818304018545288	0.3525092721325035	0.04454166399927391	5.276443487076951e-10	0.5118342432188592	0.000637612715695221	0.0010387341323569396	0.008723167102312891	0.0017664404880551	0.01050584659358909	4.846503688406483e-05	7.365041619504973e-08	1.1824528315784993e-07	4.993458964233811e-09	0.0	Developing neurons
3703	1.0331548863376878e-06	2.1055855810328962e-07	0.713222106766303	0.03154187630236833	0.00012163638496169568	2.987822050273721e-09	0.25285006785524855	1.2568139572026898e-06	3.925968300295009e-05	0.0021674156965686567	5.3989729002434876e-05	2.0255999396897268e-08	8.998024447515835e-07	2.2365909917266655e-07	3.497599326724545e-10	1.7277870175665855e-14	0.0	Motile cilia
3719	3.2904757252000624e-19	1.7121326172426983e-19	0.00014760494007607953	0.182709996238781	5.086556749343232e-14	5.961095028625289e-23	0.001187388459323595	3.1884991947831e-17	2.3810312003904788e-15	1.697986346926648e-15	0.8159550103422099	2.7413032717198403e-18	1.6496119484324872e-21	1.955455008906311e-11	7.561295038144168e-18	8.171286230981655e-35	0.0	Anterior nervous system
3721	8.26790122741027e-14	4.734164217059361e-15	0.0005933553485259571	0.13737502854882597	3.76512618368054e-09	5.6226197306388085e-18	0.02353075528662191	8.357819601916522e-12	1.4047753310012098e-12	1.4238551764447265e-11	0.8385005823853589	2.133728714589237e-14	2.3463571184139197e-13	2.7464114528172284e-07	5.14542033462655e-14	1.902999884936105e-25	0.0	Anterior nervous system
3727	1.5459646148377895e-17	2.278600360021168e-19	3.869067211293401e-08	0.001930180637247066	5.390014233346003e-15	1.9636357854790415e-23	1.5937951406099334e-06	1.1235711982944574e-17	2.513655363656607e-18	4.958240975093631e-17	0.9980680960753037	3.1395062435619875e-19	2.180279618344268e-20	9.080163076247009e-08	2.6206426095295323e-16	1.920219396899395e-35	0.0	Anterior nervous system
3746	9.910232594170159e-22	8.945675169120128e-26	1.2207913495696245e-06	0.47110071601234826	8.081069200992829e-16	4.2429805969029914e-26	0.5130606134337976	1.0321218277545938e-18	2.5713761996508908e-17	5.466500656436771e-16	0.015837449754137607	7.51514687624028e-18	1.9461666980946314e-24	8.365531618731904e-12	8.801768731565908e-20	1.5175917996849306e-41	0.0	Developing neurons
3748	4.9184014843833045e-26	1.1737289369329835e-27	1.5068043908944427e-09	0.9825482773361407	1.3367621101813703e-18	6.940096814604715e-30	0.01729279195119322	1.862763117358836e-21	4.9344987943268264e-23	1.2991047171348566e-18	0.00015892916629408737	1.727070562323499e-23	3.513689445758912e-29	3.956764752706425e-11	1.3348767575087095e-22	4.275705453680974e-49	0.0	Central nervous system
3749	5.571479844838551e-23	1.0375559275573034e-26	2.3602689838498204e-06	0.3045012387230458	3.400258455955444e-17	3.072703129777715e-28	0.00943250068265116	9.261638093419853e-21	6.288909669032051e-19	1.3425020381293447e-17	0.6860639003251066	2.0248491570847982e-19	1.4687527525353275e-26	2.123745954630136e-13	1.1019650263270195e-23	2.1790607965964577e-43	0.0	Anterior nervous system
3750	4.435528286896156e-25	4.107225491375541e-29	2.2653269276172495e-07	0.842660718914314	2.525103354992195e-18	9.988472053143905e-30	0.08554249866084328	2.3105914958037685e-21	2.7649805861077904e-24	3.098548704614759e-18	0.0717965558880516	5.2609612901408445e-20	1.5891329235418542e-30	4.098402588546163e-12	3.1419023268874776e-24	7.199971142524591e-53	0.0	Central nervous system
3751	3.727298009258482e-09	7.054755431339782e-13	0.002750962827734247	0.21954549427529071	7.36867847315816e-07	1.4124237399032723e-16	0.7194231211990446	6.538733279347597e-07	1.4206585043599088e-08	0.0003101279860580224	0.057968882247634045	3.1210723322511806e-11	1.7629616900592853e-11	2.68182803794997e-09	5.7805988609401706e-11	1.9534978674222329e-22	0.0	Developing neurons
3752	5.325490574012996e-18	4.534864880785357e-20	8.43976707035503e-06	0.995957506211818	3.5182845071722074e-11	4.8225710481663196e-21	0.004034053618381713	9.419866131320832e-15	1.97089233550902e-15	8.718272932232259e-14	5.652849623564992e-11	6.686885211360789e-19	1.0734726635485777e-20	3.1001681851153546e-10	9.031975255884386e-13	1.664090534663705e-36	0.0	Central nervous system
3753	1.6457668179263095e-19	4.485369286078273e-22	8.44719183505465e-06	0.12092268504491337	4.879727730672446e-14	1.5517318616004808e-25	0.561611696303247	1.420190827251713e-17	2.123159424897685e-17	4.915083522242125e-14	0.3174571708254997	5.0341263444782976e-18	5.0345425895049665e-21	6.344071171888913e-10	7.950039599363362e-18	6.705271216614844e-38	0.0	Developing neurons
3754	1.6372810975022053e-15	1.8165768124478935e-16	2.393818828616305e-06	0.94123484091516	4.738701011351307e-10	6.312666834583038e-21	0.05876276459417787	2.0611588138477183e-13	9.578637092166455e-13	6.1516952009415115e-12	1.8598526006575248e-10	2.331903901481135e-17	9.827624289189577e-18	4.467457922019756e-12	1.932339674469324e-13	4.1992722509802527e-32	0.0	Central nervous system
3771	4.4837934093324655e-15	6.62714969818679e-19	0.0001630773759763952	0.9429935414795516	6.430324116118881e-11	5.014373966258924e-19	0.05681803526644101	4.9196884775990255e-14	5.270693058937448e-13	5.711289894573034e-14	2.5337091562630092e-05	3.1150268225693234e-15	7.958733214329074e-18	8.72152410475738e-09	4.964651397883175e-18	3.3348567074017906e-32	0.0	Central nervous system
3806	6.988825740696582e-18	2.877632795636034e-18	0.006499927743724558	0.9589924188437883	8.321452426839932e-11	1.111089518690887e-22	0.0345076490879751	4.463866292637126e-16	4.2144013374943777e-10	5.102108565548062e-12	3.3129329041349635e-09	1.8868061288966002e-16	2.330201462515857e-17	5.018217294051494e-10	2.8784323879493786e-17	1.6872079661252325e-27	0.0	Central nervous system
3808	9.718512579199746e-22	9.584442614784087e-23	0.9998732318565922	0.0001258680916783447	2.1439396053265254e-14	8.784723344311245e-26	9.000356289073841e-07	3.4985224516953694e-19	1.1549448292944857e-13	2.63724100626613e-14	2.4547333982700025e-13	4.4493599431338495e-21	1.1414660951874184e-20	1.569165590652079e-11	2.5690778694053698e-21	3.534442927818189e-34	0.0	Motile cilia
3844	0.0001352385048928978	0.005100970000248278	0.9263612896607945	0.004258634677556398	0.00501662896128895	5.874891518759891e-08	0.006679740136870691	0.006295018710036186	0.014962194325669555	0.028977022657641606	5.954294662594631e-05	1.2939130603458693e-05	0.0005209662026611507	0.00011253058790692777	1.319852303707043e-07	0.0015070927630578949	0.0	Motile cilia
3845	0.0007645000056167282	0.028773826293403994	0.7252488738335893	0.0042492700639404106	0.013814210590966198	6.1083194459385e-07	0.011766856206960111	0.013259346164165681	0.01844913869843079	0.17662568865797018	6.132406246982884e-05	1.5317258839353924e-05	0.004671982211453402	0.0011397533627473177	2.1380940209923704e-07	0.0011590879481002342	0.0	Motile cilia
3846	0.04608458902561477	0.06600561361097279	0.0029808903271927424	0.0002168780092605612	0.06209842846478368	0.0024809459295882974	0.0001669859644664138	0.05504570838372278	0.02878951763503693	0.20253726147775244	0.00010553204522312732	0.000215115611447703	0.40117850282947204	5.3225473881020104e-05	3.233974270906543e-06	0.13203757123731377	0.0	Macrophage
3848	1.0414820115996237e-06	6.784485944902857e-06	0.908623062180997	0.02746776195797778	0.0009640626726778571	4.879996279515511e-09	0.0069825408364232325	0.00012640342671434932	0.0078077374140572775	0.047660158972338725	1.2459407378827744e-06	1.3036202302147087e-05	1.2078797476373988e-05	0.00033406592800715754	1.2693114968111246e-08	2.129222327102443e-09	0.0	Motile cilia
3851	0.0012307301302018601	0.029790751044221853	0.0036693346130187757	0.0009640392496667007	0.04718747670984336	8.485785714526977e-07	0.0019132542562030727	0.0011879451034793214	0.5932650329144393	0.1388127212866271	3.236046358937611e-05	0.0017169879435997841	0.17067998201886728	0.0006478361102842425	5.8707616598441914e-05	0.00884199196078794	0.0	Gland cells
3852	0.06983403959854848	0.03244881647974658	0.12231648911651609	0.0004598597659875962	0.017998796345114376	0.6306035976778105	5.761636058840269e-05	0.01303581590207234	0.025877497275001344	0.04746954393201852	3.757460396888185e-05	3.5482360345427773e-06	0.039819294667286835	1.636389477396181e-05	3.579902616190453e-08	2.1110345505377e-05	0.0	Somatic musculature
3855	0.029125571018150897	0.0017635445815541348	1.4562992671680233e-05	1.0012047760190491e-05	0.0028693107356335605	0.9564550722434843	1.639218945189394e-06	9.834084250080192e-05	0.0015716157769591493	0.00013803995386941183	9.441883322556311e-06	1.234852330324002e-06	0.007936412930232688	2.9676708757376445e-06	8.407484363149055e-09	2.2248442251466956e-06	0.0	Somatic musculature
3888	2.8143297839060934e-22	1.4821176759380344e-23	3.909767971340966e-06	0.8336194349172726	2.789674718293636e-13	7.016165776689943e-27	0.16637664358677193	1.3857033731147799e-16	6.990955230658817e-17	6.10467477454885e-14	1.1700387511164683e-08	1.3298521843655684e-18	4.370368628786923e-25	2.695592910879692e-11	3.0050623678160777e-13	3.85864080336719e-45	0.0	Central nervous system
3890	5.57752031244627e-20	3.860081744772481e-21	0.00013413759796731975	0.8514390063805276	1.7964446821855021e-12	7.947494577560328e-26	0.14130726975641317	8.052723478793117e-17	3.1178041531387315e-12	7.055956174234467e-13	0.0071190302706967004	6.185613823403926e-13	3.4294697523932023e-20	5.559881110272566e-07	4.573590995855006e-14	7.34847881679376e-33	0.0	Central nervous system
3891	1.5362480110116274e-15	5.964298682698428e-17	1.536445359690176e-05	0.08918110751222663	2.1120759300292113e-09	4.2772229783452286e-20	0.9096371557309079	2.9261044152404105e-11	3.021080758854334e-12	3.081489733803305e-10	0.0011663697965283671	1.7007131991020106e-13	1.1939968403622165e-16	5.405733447877732e-11	4.056112771632009e-15	3.597999896390092e-26	0.0	Developing neurons
3892	2.0666966693756864e-07	1.0360671002656195e-09	0.009240624322206861	0.4398327145559288	8.134608748789755e-06	2.754121300827997e-13	0.38531485728789217	9.526044233658248e-07	1.3232391959415526e-06	5.0565021234991583e-05	0.16554933755310577	1.2906068671563281e-08	4.2302109904956456e-07	8.452817639732149e-07	1.8923184221329004e-09	3.7528563241236906e-15	0.0	Central nervous system
3918	0.0003683932724098422	0.022220436666907883	0.44619052797435965	0.0068521562782257305	0.036028710480018745	3.412739960172763e-07	0.01190976084993568	0.05633731657581544	0.04123433921371154	0.37330786128345544	0.00021862245888935267	3.1909852121702635e-05	0.0048641231707267935	8.171917780393167e-05	9.05090177723906e-07	0.00035287638144439556	0.0	Motile cilia
3920	0.0002584089082036129	0.009661860010862233	0.004603174270435921	0.0003830426979949663	0.004135778518969533	1.5666961210090262e-09	0.0009073811789950955	0.00031477953086752475	0.0046741940948189595	0.00041876549777305295	0.0004106805160328644	5.6640762559316256e-05	0.006979389511341048	0.00023334265154222405	1.6818944993115548e-06	0.9669608783884082	0.0	zero
3922	0.13963232839098222	0.5727944315092428	0.00021520687345016345	0.00023443723675957827	0.029709097272526856	0.0012495192182738494	6.890014748698921e-05	0.013721945894852148	0.09031668214438834	0.004963042228147932	0.0007842447312102754	0.00013341767217863004	0.12494638560861482	0.00027767375727679903	9.708355975620823e-07	0.02095171647901107	0.0	Midgut
3923	0.011072638313693478	0.053932243256835946	0.0006712206308692308	5.599921199134557e-05	0.06198547178318827	1.2654009172534309e-05	0.00013042338038631398	0.0018555071240223592	0.35831489296986513	0.02663033694956028	2.3218725121549065e-05	0.014730203803236214	0.18713083980551437	8.409480516381249e-05	0.00012533252292444485	0.28324492270845447	0.0	Gland cells
3933	0.0001944108583259405	0.00031465648009277474	0.026725221503294993	0.12432880871773157	0.0037200667828141895	4.428292294462858e-09	0.7213351823611615	0.00023648994765313933	8.13333553007576e-05	0.00015580142695495393	0.12226385003762778	3.6298910322561866e-06	0.0001977174246329334	0.0004421114089868281	3.5324292001720574e-09	7.11843669055282e-07	0.0	Developing neurons
3944	9.546385713893809e-09	1.3130491082442313e-09	0.004492443809643253	0.7704338730826397	8.327093700727654e-07	1.0044255932148364e-14	0.22503041164461737	4.853527963514911e-09	1.6198831924566096e-08	2.062405461584852e-08	4.231411566224627e-05	5.478421133536402e-09	9.437519668902801e-10	3.015982335969237e-08	3.552021133847495e-08	4.96633476765381e-18	0.0	Central nervous system
3945	9.128911767058843e-15	2.343943445516884e-16	1.7889615168204616e-05	0.9196520870983816	3.5537090422491815e-10	1.4724293386587854e-20	0.0740151237365366	5.480778752091502e-13	1.114659240110055e-13	2.214219307863499e-12	0.006314899174350272	2.2815220753117292e-17	1.9521712099368876e-17	1.3088477987058799e-11	4.22100578799391e-12	5.445616188279828e-28	0.0	Central nervous system
3948	9.545604653467771e-17	1.164878578674682e-16	1.8723665488927106e-08	0.00131941622944634	1.4813078612317784e-11	2.069590315913987e-23	6.605039609342585e-05	2.9439422171441688e-15	1.654295755013966e-12	4.4344425751485095e-13	3.668080485974333e-07	7.49803698408245e-12	1.2923243346951334e-16	7.672370877085473e-10	0.998614147051097	2.3908818170213646e-31	0.0	Adult eye
3950	8.110690628400037e-15	2.5138228831317975e-16	0.0009711296466498215	0.43632596342094815	5.628444838453709e-10	3.9653765637764295e-22	0.5523498170326937	1.3940661095339634e-13	4.730533742647354e-13	3.614146417144078e-11	0.0008460668388987788	1.4332642337915525e-14	9.855393413195192e-17	8.708912484761377e-05	0.009419933336341002	3.453752902692881e-31	0.0	Developing neurons
3956	5.471014313739702e-06	1.5672165381520306e-06	0.00024939624838658667	0.00019375756995502956	0.010705433735734753	1.7716302726248848e-10	0.014894418938107301	0.0032828043357351375	0.2603768860603508	0.05391172650403058	0.00015465850047665904	0.00037408917329553073	2.181830701037841e-05	1.4709851976993245e-06	0.6558263054813643	1.957523402867312e-07	0.0	Adult eye
4004	0.32677719777087777	0.00230716221679407	0.09118693354480563	0.0505498118549986	0.38254232662901483	0.1215597661036985	0.003372382416148582	0.0019902197962672927	0.005924361403901235	0.004893530822895028	0.004105256869150018	0.0006073265146368698	0.004150121070331557	3.358636437539828e-05	1.441473849317257e-08	2.207366059008514e-09	0.0	Stem cells
4013	6.858729506612285e-12	1.529513986988496e-13	0.013587167070664395	0.9768614404412516	4.277068242195942e-08	3.5553998899964585e-17	0.009550575749490909	4.1580673353774635e-11	9.829045519217995e-10	4.2591954747956074e-10	6.05528992113973e-07	7.717949033628431e-13	1.1940601380775676e-13	1.6698061053803273e-07	1.7560638075604865e-16	1.499098605230464e-25	0.0	Central nervous system
4023	1.8146206613429332e-10	5.5581790712159516e-11	0.0005629437932058419	0.7814121661848544	1.3540771642007272e-06	2.8906008440987243e-16	0.21801516789622366	3.8015741534947995e-10	6.822743029718043e-10	1.8231309972278297e-09	8.317350445287085e-06	5.4927863278338525e-12	1.3536279437063513e-12	2.288738685049593e-08	2.468126650207594e-08	1.3910254581673737e-21	0.0	Central nervous system
4024	2.462210610310858e-17	3.517588418074196e-18	1.365283884387309e-06	0.9601110409765891	2.363229608034232e-11	3.2664086907044474e-22	0.03988755257337546	2.347089131482097e-14	4.78489570648941e-12	4.1602507966178433e-13	4.060506379346552e-08	1.0627706364594173e-15	2.0581067440683163e-19	5.322295713663629e-10	5.3727203251553294e-21	5.943357104244147e-32	0.0	Central nervous system
4025	4.0145147806960387e-10	2.9864642023024695e-12	0.0002156544506784682	0.4157728676991677	1.2993716021557792e-06	1.4423702503858942e-15	0.5839650290667187	6.28381857469367e-08	2.3691533888291237e-11	1.1592377378604446e-08	4.506335243274966e-05	9.8982407032643e-11	1.0449452297341242e-11	1.1091273498639391e-08	7.971586174652932e-16	1.1150063827492098e-23	0.0	Developing neurons
4029	1.6521505484908293e-10	2.5092730633797794e-13	9.243250429191664e-05	0.9892239369772716	3.7573043098332456e-09	1.9167323398406078e-16	0.010679082337924596	1.3274669601386188e-10	7.251683240087131e-10	1.198286409193097e-11	4.535128790559697e-06	8.17311838557961e-16	1.7363572805387594e-13	8.257951835208802e-09	9.267084481429538e-13	1.9013077989915668e-24	0.0	Central nervous system
4030	5.963519044420674e-20	3.48943430183823e-22	2.1446265777894334e-08	0.9934574920514827	1.658052586352352e-14	2.19594287678273e-24	0.006540283636853243	7.239629574623899e-17	1.1359423904545369e-14	9.628396324347586e-17	2.202865310922444e-06	7.837528850112e-18	1.9478750668684408e-22	5.94352607142317e-14	3.6165288110712863e-23	4.3880333703619047e-35	0.0	Central nervous system
4032	6.487911442232877e-09	1.0872628946105454e-09	0.024324229826239125	0.4272589919715622	1.4447474107104544e-05	9.282488101905947e-14	0.5431707054263761	1.0315457250756956e-07	0.00028207646088050344	6.222599168165894e-06	0.0049372121699928564	2.367336076015189e-10	4.9490019119167584e-09	5.99620755122487e-06	1.9480515979731045e-09	4.95846515099655e-13	0.0	Developing neurons
4035	5.736516560773317e-13	1.636776070107688e-14	1.9394783312999765e-07	2.8898300554947954e-05	1.3773789337637806e-11	2.349030527281762e-20	0.00022491624389613286	3.131190545539963e-12	1.797149802004532e-13	6.885248922723366e-12	0.9997413101119487	3.2891252360319563e-13	3.233543380645945e-15	4.681370843368628e-06	3.165748811553648e-14	4.201933170335964e-25	0.0	Anterior nervous system
4057	2.1453709463758825e-13	3.8844967662093805e-13	0.9198243559810875	0.0714656992571364	4.577437362931122e-08	2.4725832824025725e-17	0.008709049920005447	5.15440024330896e-12	6.874493356391355e-07	1.5788804731849376e-07	1.8458424026093167e-09	2.11978396199606e-13	6.986437262780719e-11	1.8081287254235004e-09	2.0932459878107045e-13	1.3621804043981162e-17	0.0	Motile cilia
4059	0.006009222074974965	0.0012860089437851392	0.5766108667242725	0.359139923657067	0.004986225523294269	8.807940216585893e-05	0.02429097665445723	5.6832158014698555e-05	0.003588096684566463	0.00016720702861517604	0.013952495607927889	4.0665360082114586e-07	0.009021194985564068	0.0008010507259106823	8.062170307262005e-08	1.3325540800973781e-06	0.0	Motile cilia
4061	0.10459666337283002	0.00013737466868094368	0.4805233564207589	0.24297785531120072	0.07239344358521235	0.05368565745260864	0.00853421903695494	0.0002483986617367665	0.00013455731882030755	0.03642763577941353	4.078829262705807e-08	4.544943782936206e-08	0.000340195278633715	5.568582880811241e-07	1.713058420604838e-11	2.1686526189835632e-17	0.0	Motile cilia
4072	2.246541479152449e-17	5.280225437220898e-19	2.1860845730499193e-05	0.8838614917864598	5.559500631793716e-10	1.6281731608475834e-21	0.11611664679039521	9.5099268800001e-14	2.7498476268778097e-12	1.6229766148553724e-11	5.496965850748925e-13	5.0913092282263666e-15	5.963438257543015e-18	5.704074831205945e-13	1.264551291270553e-12	8.990180238613852e-35	0.0	Central nervous system
4078	1.9578432120669793e-12	1.0723927281642018e-13	3.740344121320444e-05	0.7713380358799283	8.941183268059445e-08	7.314421012157108e-17	0.22862444013503017	1.225351633457618e-11	6.775798108949711e-11	1.4090690929736306e-10	2.6510792004850827e-08	2.160604431817398e-15	8.337286206706387e-14	3.646990049167794e-09	7.511444273878589e-10	1.51819257509492e-25	0.0	Central nervous system
4085	0.0001368269622257342	7.226330935485311e-06	0.8042210561188388	0.17132160644098973	0.010073251913430788	2.2954747863567174e-06	0.011640751660664483	8.647626333804959e-06	0.00028658705698894426	0.0001862214809297092	0.0014618746677594377	2.833192358371751e-06	4.285089623554685e-05	0.0006079684379960117	1.7394650025175226e-09	6.18964073689193e-14	0.0	Motile cilia
4097	8.764557821336386e-24	2.3128506584646323e-24	3.4458681160339714e-09	0.0005918152055057672	1.485189453330121e-17	3.976429842991066e-27	6.147959054310526e-05	5.256492133109899e-21	7.18954073699345e-20	5.771384499849117e-20	0.9993467017579478	6.298679867650981e-23	3.836196210612529e-25	1.3512318272610795e-13	6.007506921672551e-22	3.4991243188349043e-35	0.0	Anterior nervous system
4125	8.848268650484154e-21	1.7570940724837083e-22	2.714905824235175e-06	0.8818422067330286	2.4048049436978376e-14	3.090323944166107e-25	0.016437869280310144	2.4142040238343915e-17	3.719510818271348e-15	8.256839367536457e-16	0.10171720630383305	4.6385611140548016e-17	1.121843483742839e-22	2.776975488182962e-09	9.311879166515561e-18	2.0195733607955944e-35	0.0	Central nervous system
4127	4.3530567250074405e-16	1.6925568502859113e-18	2.7465068981488855e-05	0.2874129620737272	3.9519316798130083e-11	8.268743300733101e-22	0.644467197048212	2.2927343013416643e-13	1.0502202874000404e-13	5.5413465453611834e-11	0.06809236207498774	2.5605693755919964e-14	1.8437125232851876e-17	1.3638441517179173e-08	3.568763667770027e-13	1.050164834836657e-29	0.0	Developing neurons
4130	3.3067147970133034e-05	4.643088440739991e-09	0.006403684763453296	0.07031828812990647	9.251075379682478e-05	8.055666876822792e-11	0.7303182742388583	0.0020128765698213358	4.955738976472491e-07	0.0029047348919826153	0.18791556254861524	7.399095027142045e-08	4.227647990934962e-07	2.9212427491587306e-09	9.808373754526414e-10	2.2349918508122076e-13	0.0	Developing neurons
4131	2.2177392119318754e-13	2.025876749107279e-15	1.6961752980081362e-05	0.3691586150249152	2.318958710784691e-09	2.5798394241353202e-18	0.5927840219222743	1.1018533206909346e-08	8.1852152830663e-13	1.2771753732303446e-07	0.038040260058017694	3.234313309425066e-11	6.082507734132865e-15	1.5095559425906425e-10	2.4362568892661495e-12	2.0121900503040769e-28	0.0	Developing neurons
4132	2.0661827087180414e-17	9.495918204232346e-20	9.845371219051057e-05	0.11886136526044533	1.2426637479759724e-08	5.686292407875866e-22	0.8810401065331006	4.331225995144656e-12	7.556105401838565e-13	2.639680579927884e-09	3.5325407198373215e-09	5.3271221903650376e-15	1.2519429025341828e-18	6.737591947702891e-12	5.588357524315401e-08	6.93233580199003e-36	0.0	Developing neurons
4204	0.1479243686226432	0.09369735511662654	0.1650691957996524	0.0010869463145941308	0.006699207025093944	0.08961746146177159	0.0002799434825704566	0.05005824849721683	0.00033936766902088	0.4222087782811292	5.2315681669194305e-06	2.677905487517191e-07	0.023012324362553644	1.2515461897082866e-06	1.8100172224031147e-09	5.0652204640669564e-08	0.0	Heme/chitin
4205	0.0006413590542281164	2.4336921858602656e-08	5.675935022313529e-07	2.565012151694233e-08	1.0856201221778657e-06	0.9993563191376514	3.0081319449403826e-10	1.2733093440048206e-07	1.560722280690363e-07	1.2228897860692694e-07	2.0172605358939544e-11	1.8088928943250393e-10	2.1240123924315409e-07	1.2187118530827447e-11	9.715875563102097e-15	4.882290422454087e-16	0.0	Somatic musculature
4206	0.019164061194579998	0.0025427837744097996	0.001170381079186108	3.98649595789245e-06	0.001355009066741815	0.9723137986848246	1.52825326527933e-06	0.00011747443763605774	1.5085209268825166e-05	7.118153185298516e-05	7.100324232547118e-07	9.718930879040184e-08	0.0032432909119752364	5.763569210076916e-07	1.5525266606036088e-09	3.422912158376985e-08	0.0	Somatic musculature
4258	0.4756860245176814	0.0691703102560474	0.02446788411680162	0.00014649126395759241	0.00797222722631526	0.008069181927011816	3.873923095927909e-05	0.007374374829993483	0.2985119355520245	0.0026954041148351104	0.00013578879396862573	9.69700353668813e-06	0.10537850075078684	9.356213565212718e-06	5.406340260744115e-08	0.0003340301391126424	0.0	Cardiovascular system
4263	0.002265202192145798	0.0006830355514998315	0.15370180550796825	0.0001748302069219951	0.0015691912174439226	6.271519985513657e-07	3.369339792124481e-05	0.003345658471841665	0.8155131958569863	0.0172893791681645	1.1867085570435322e-05	1.8653985204117985e-06	0.004504681757594847	1.6978877908280667e-06	1.1453440559366122e-07	0.0009031546132257564	0.0	Gland cells
4309	2.4491973200793374e-10	6.808816216140229e-11	6.881271652441786e-05	0.2695488114785019	1.1963451747869276e-08	3.044728285863381e-16	0.729158043906621	3.474731358893e-10	5.04244874136904e-10	1.8792421731650728e-09	0.0012242908945924147	2.5971682330367093e-11	4.249590503649586e-11	2.5927651188226064e-08	2.2115978781977782e-13	1.0315309305758657e-20	0.0	Developing neurons
4315	3.725893154418858e-20	1.761352100120411e-21	1.2418535889477614e-07	0.0003894944773430172	6.183096725715784e-13	3.764789837767436e-26	0.021957870074266455	7.609682835091291e-17	1.7743427735714812e-13	1.5193868306258925e-12	1.5049361093477572e-06	1.2609420545377056e-15	4.225713057253319e-21	8.036483628222138e-11	0.977651006244241	3.25038477781345e-41	0.0	Adult eye
4317	3.9072871946917103e-16	2.6942209908113924e-15	2.1638272245926686e-07	0.004896998781078622	5.843092213603353e-10	2.3158302565808024e-22	0.0009758701734965967	7.088858989383889e-14	2.707635111180291e-10	2.946570581850661e-11	0.0005815871205955684	5.377209154125978e-10	2.439103026946471e-15	7.548543259489055e-09	0.9935453185712277	1.995110114816164e-27	0.0	Adult eye
4318	1.1764245555765216e-14	6.802814022678536e-14	1.5001855624027622e-06	3.27223195845539e-06	1.547654866867571e-09	1.8304080374375847e-21	0.0001388461357835574	3.5432994225818317e-10	5.3345251072344585e-12	1.3542324346014566e-08	3.4027033417184775e-05	3.9340314228272635e-12	9.751587541257972e-15	2.4607310818346807e-09	0.99982233649888	1.0751496646912892e-25	0.0	Adult eye
4380	3.4232182143938266e-18	1.8973792291620016e-22	9.241598085559677e-07	0.5293171919317976	3.1132468307344753e-15	3.35754470056884e-24	0.20037472063982475	1.0201730200555314e-17	4.295802450659425e-17	4.665628403692395e-17	0.27030715669170485	9.702408668868935e-21	1.226800404587752e-22	6.576860987902552e-09	3.0216615300910006e-21	6.263722341541787e-37	0.0	Central nervous system
4396	1.0064546443868691e-14	3.599136586114804e-14	0.9996499480366238	0.0002741722375159492	4.558046545050295e-09	3.612709454906907e-19	7.58708751927709e-05	6.86083119367695e-14	4.756608550758476e-10	3.790861580649676e-09	1.786928682493546e-12	7.544980524741191e-15	8.74603146370084e-13	2.3312786013259948e-11	1.937621823928935e-15	9.225446798603074e-20	0.0	Motile cilia
4399	3.581482970767943e-14	5.016270300238477e-13	0.998965898255411	0.0009370543072118391	6.164811555693565e-09	9.73458092992466e-19	9.703625730873249e-05	8.776544507583453e-13	1.4932724943397645e-10	2.3054923062686414e-09	5.141257841179209e-11	1.4746860244019642e-15	1.841227908903545e-12	2.5057665495086968e-09	4.2647092982707e-16	2.6786816307487715e-20	0.0	Motile cilia
4400	5.3645027474445054e-15	5.5553006718565815e-14	0.9994121075138942	0.00047709460178096985	1.948879883931675e-09	7.597196188594734e-19	0.00011074459754545345	4.675980812097044e-13	1.7541484579378444e-08	3.3181560453935416e-08	6.482096784573016e-13	8.163196283902132e-15	1.5486057151938262e-11	5.981818955832449e-10	1.6815141862642624e-15	1.0314192249825886e-19	0.0	Motile cilia
4402	1.2308357264239306e-06	2.806021997013855e-09	2.832176442058137e-06	1.0395882254002681e-07	5.084713274785233e-06	0.999990345456428	6.752068918012192e-08	5.987873520674605e-09	1.5561298824080484e-07	5.398526095648407e-09	1.1902812354532703e-09	2.762919532587471e-12	1.6353974712421063e-07	8.003357479168957e-10	7.820906501794122e-14	1.907224740365291e-15	0.0	Somatic musculature
4403	0.012173768594601425	4.3770225479801445e-06	0.0005817953559474752	9.371794238694712e-05	0.00026713351138420697	0.986606371108924	7.618961477091402e-05	6.225033979011824e-07	4.459757562445953e-07	6.034915950092446e-05	5.976972788543606e-09	1.7987089279718117e-10	0.00013519597199059227	2.707485207624509e-08	6.973427445594448e-12	1.2203434095278796e-13	0.0	Somatic musculature
4432	7.286842446664228e-09	2.1297709332812116e-08	0.00023766543473139058	0.8615159822579328	6.040038313206887e-05	3.837284872710393e-14	0.016501460297606498	2.307934652771868e-06	6.569290176016864e-06	9.963554775864783e-07	0.12160208486742935	1.685098249871689e-08	1.6024263113685877e-07	7.232631931468306e-05	7.046165889172949e-10	4.76726630012833e-10	0.0	Central nervous system
4433	1.1800524991539842e-21	1.9597079471078174e-23	7.436365557028286e-10	0.9991658216391908	3.54386490003797e-15	3.970382594101985e-25	0.00015234651775313833	2.0256942769259544e-18	1.28341621430714e-14	5.124862784726672e-18	0.000681831098828741	1.2755320432438865e-18	1.476262984413299e-23	5.744371358404402e-13	2.86914428951954e-23	2.2678005087325e-34	0.0	Central nervous system
4546	0.010935155990763326	6.960982185528332e-07	2.5891267613318306e-05	7.109882721494279e-08	2.0251859912206342e-05	0.9889611225955656	1.9174579140415573e-08	4.304289004689976e-06	4.176959539021248e-05	2.6793151841102222e-06	9.287449141660086e-09	8.806195437463252e-09	8.020391945538418e-06	2.269431417107616e-10	1.401797815664849e-12	1.0062447748506173e-12	0.0	Somatic musculature
4644	7.763104092326123e-19	2.0090019966117927e-20	3.3699998633485155e-06	0.0012248411365269219	1.4004210042619976e-11	8.715918062321489e-26	0.10786819337979153	6.093024234313455e-15	1.2810614970247396e-11	4.655071555224625e-12	1.6436647623714992e-06	2.7637450578284857e-17	1.5899528590098203e-20	1.3147060243631217e-10	0.8909019516561092	1.3659660292320575e-39	0.0	Adult eye
4646	2.024913479218779e-12	4.311050094691272e-15	0.000467576023000362	0.0031967358072732066	7.4096899901843464e-06	1.2455624200094098e-19	0.05962223625840888	5.7959072024328003e-08	6.615907915880752e-07	0.0001728274879975075	1.5174141766437769e-05	1.2019550694160555e-12	8.82107228896476e-14	1.7155962095997739e-09	0.9365173193227843	1.0512605588436609e-29	0.0	Adult eye
4647	2.716771231849559e-12	6.180764539239799e-14	6.23478708886258e-08	4.863985476714079e-10	8.430172595550836e-10	6.0289400562410585e-19	3.44372688803846e-08	4.394781112786325e-08	6.299027807067252e-08	1.3305063708063404e-07	2.023392643630565e-10	1.5202704168998432e-10	4.280294837935862e-12	2.1120409631887214e-13	0.9999996615350817	7.968210375706794e-25	0.0	Adult eye
4648	1.1204453162630611e-10	2.5491729297196527e-11	0.0001546804846675714	0.009340401764687185	4.100881208453692e-06	2.347406736190867e-16	0.01547673962053033	1.2062076150012055e-06	2.7068407700931568e-08	2.095439355638669e-06	0.9749747292141836	4.595264998743747e-05	1.067308497847977e-11	3.471793209199913e-08	3.180321538402308e-08	1.9064207247827098e-21	0.0	Anterior nervous system
4703	2.6915598335824105e-20	3.677693364707029e-20	5.3958946704666284e-11	0.00020311274207045896	2.5190943218932147e-16	5.973414303608513e-26	2.0253790967994302e-06	2.677018454643329e-18	1.013190193661264e-14	8.668199709386014e-18	0.9997948618200109	1.433707126390391e-17	1.282293614393196e-22	4.852564777975401e-12	1.3414097791549101e-20	6.563068240374891e-31	0.0	Anterior nervous system
4704	1.3072888303760326e-22	1.9330120625200192e-22	2.9124259918868045e-09	0.008687032838112447	1.4317376863639628e-17	3.933345361221732e-27	3.034327399539651e-05	8.161987464802099e-21	7.279774963580198e-16	3.921894162912686e-20	0.9912826177088705	2.37870163298158e-19	2.294530707957193e-24	3.2665950068217543e-09	7.94068364853679e-21	5.336922011184935e-36	0.0	Anterior nervous system
4706	4.431576743426663e-26	2.1466941355389548e-29	0.001564659995432346	0.6440278734075032	8.066344596585829e-19	1.9262297915236355e-31	0.10000215145923834	5.599859146015105e-23	6.260585728533322e-21	1.77059671159752e-20	0.2544053091142781	1.4309791400746732e-22	4.0829050875040776e-30	6.023547917056347e-09	1.696071147897322e-23	8.435309919605938e-51	0.0	Central nervous system
4778	6.022610523912022e-22	1.0853326493421499e-22	6.707830270357673e-05	0.9629606127697709	1.4632821277427668e-13	2.8229474720334166e-26	0.020029150438430683	2.8427922404962696e-19	9.50904716035813e-16	1.0707024672696585e-16	0.016943158457374024	3.8575651994406055e-18	2.2394290398534064e-22	3.157337693652537e-11	2.3182653173326165e-18	3.775342074294541e-34	0.0	Central nervous system
4784	2.671725407069342e-24	5.225791312878784e-27	3.0588817084041e-08	0.0023443663895962264	3.220681805223198e-18	1.150551608926659e-29	1.9049853438181975e-05	3.2113958865900322e-21	9.719760835394772e-21	1.9523893678660966e-20	0.9976365531681108	1.82150060721238e-21	7.5573741449767235e-28	3.7544859444978545e-14	6.555968006215034e-25	2.565148537546899e-44	0.0	Anterior nervous system
5001	8.547504142186848e-26	4.5360909170203354e-27	2.2760078078920964e-11	0.016700871248801687	1.7747748412895717e-20	7.1982696577794005e-31	4.231753546682059e-05	2.663027355214657e-23	1.9780781769251974e-19	6.282816088496514e-22	0.9832568111853583	1.091133977269212e-22	4.065177254002357e-28	7.612937442532874e-12	6.987850837072246e-24	8.235965907119155e-44	0.0	Anterior nervous system
5048	1.6865394646536588e-25	1.5923539049548866e-27	3.6652912195005563e-10	0.042542996594084045	7.975175355628325e-21	2.2704150681963293e-29	3.652084587001712e-05	2.8766967701814955e-24	5.869051696732012e-19	2.036632761362168e-22	0.957420481968854	1.1546131926958022e-21	3.2612348736503345e-27	2.246627665666926e-10	5.743050675723265e-24	1.9656232031514455e-43	0.0	Anterior nervous system
5049	4.104751239505772e-28	8.995503779894776e-30	4.936113769163616e-13	0.00018310061264469748	2.5945606015606963e-22	3.892190105235285e-32	9.566928533930892e-07	1.1899519572546919e-24	4.567714481175093e-22	3.169873325355515e-23	0.9998159426939951	3.2368133582612866e-25	1.393949722194356e-30	1.3240005996420815e-14	3.069374143698968e-25	3.371482376661416e-47	0.0	Anterior nervous system
5054	3.4204154638529866e-31	8.44302373066443e-33	7.828648335732722e-14	2.6774875880134766e-05	3.119174271919929e-24	5.965827301468429e-35	1.9896538036239473e-06	1.456905632779501e-26	4.804790658838455e-24	2.30011407071394e-24	0.9999712354702371	5.177800913148682e-28	1.3886952996161017e-33	8.149945264329008e-16	1.710682059116966e-28	2.716050650581215e-50	0.0	Anterior nervous system
5060	4.134790407576922e-18	1.815614088846783e-17	4.136793177686374e-05	0.9445327841369328	9.537436991628346e-12	2.4330117113436258e-23	0.03510719899273345	2.7732236443569256e-15	6.622207083211273e-12	3.8292441237124125e-14	0.020318645676887105	6.244746805519917e-15	3.034164204997347e-18	3.245462650424699e-09	1.2355185910707575e-17	3.7149734887598165e-24	0.0	Central nervous system
5066	8.270277873280509e-19	1.1518499463455677e-18	0.9950932259519416	0.0026659157281260473	3.6730856679136345e-11	2.1597500393532044e-24	0.0022408481170081832	3.0344078657585577e-16	2.395008044710275e-15	1.314183434453939e-12	3.770310732423731e-09	8.2066884558072e-19	6.808156337962259e-19	6.394565681543044e-09	4.743607623394687e-22	9.614679190695673e-35	0.0	Motile cilia
5067	1.657615421108492e-21	4.0889817770052953e-22	0.9967713924359856	0.0018803133566527366	3.1238473285712694e-12	3.418631066817944e-27	0.0013482905289541043	9.711174684001842e-19	5.525145920520065e-16	2.3216692430112462e-14	3.5148775101114597e-09	5.122579305249102e-19	2.402164623715278e-21	1.603824592127954e-10	4.997066051596865e-22	3.9219198884222495e-37	0.0	Motile cilia
5068	1.4406260817046608e-20	1.6504767632328203e-20	0.2973115240617065	0.1732061583503405	3.533842891871921e-11	2.8442010038873274e-25	0.5294822478353746	1.2043341443767664e-17	4.039797747486619e-13	3.0305756446775513e-14	6.942456174232034e-08	2.32536862640734e-16	4.479760510033853e-20	2.92243750624782e-10	2.187605002517528e-18	6.685667797202209e-31	0.0	Developing neurons
5069	4.668501983802939e-13	1.2111089281766512e-13	0.9954288819711455	0.00011081999422386088	8.410965763973135e-08	1.1886807947128755e-18	0.0044601899737109815	2.520988651756969e-10	1.3591144734688305e-11	1.3802482171435723e-08	7.458602236546044e-09	2.1173072614435274e-13	8.07245200516038e-13	2.4228806504090677e-09	8.9671995500999e-18	6.474293730558892e-26	0.0	Motile cilia
5071	5.352611612789381e-13	6.183439192722355e-13	0.9964658853680662	0.00013795442901713586	6.581146104642259e-07	3.050488947441891e-18	0.0033495219168810995	3.1679996602873514e-11	7.858886256686135e-11	4.642179091852043e-09	4.58170654708415e-05	1.3273986563269284e-13	7.520057220804314e-12	1.583446995957307e-07	1.7150059134599458e-16	8.959662160166689e-22	0.0	Motile cilia
5225	2.2522350922443905e-17	5.263668553509698e-21	5.002175460052422e-06	0.012828833797270692	6.622546830911118e-12	5.34510930316121e-21	0.9852527765207184	1.0950468048145154e-16	3.0831008454386907e-13	1.685478736019355e-14	0.0019133873742567156	4.142245941266603e-18	1.3813387166139106e-19	1.253461294032817e-10	6.439369097974876e-20	1.877273223077244e-33	0.0	Developing neurons
5279	2.7943350622513487e-18	2.0077297274737447e-19	1.1816426244550757e-05	0.008550777130245501	9.26115131665732e-14	7.110803425036186e-24	0.00629302329868106	2.0025434423961987e-15	1.6222886749865229e-16	3.800805044634195e-14	0.9851260320559365	1.3785750307350188e-13	9.550821117876207e-20	1.8351088621824066e-05	1.5786983252823669e-18	8.628022208141434e-32	0.0	Anterior nervous system
5320	3.266079082510943e-19	4.3239639248583266e-20	0.03461323499016011	0.9489727516899589	2.2637019906436067e-11	4.342521226275364e-23	0.016243904221345643	4.806592846009415e-16	2.4895665523021947e-14	1.9791147410232446e-13	0.00017010906980193934	7.003410750187906e-18	1.683770962278644e-19	5.873007625082181e-12	7.478874459935133e-22	9.05529893904017e-34	0.0	Central nervous system
5321	5.674441393652522e-14	2.1960846720157634e-13	0.002263933632661371	0.40984848552518044	6.561450557470714e-08	6.070562776892326e-19	0.5876306059689933	4.1172810779617144e-11	8.198380059679513e-09	7.983602945759572e-10	0.00025674468192997553	6.910390753090301e-08	7.008233569598362e-14	8.643445750855881e-08	1.0466504304967583e-13	1.6756541213414594e-19	0.0	Developing neurons
5325	1.891932379720031e-16	1.1493789592989185e-18	0.7043808465901061	0.17615528712513653	3.857455328362792e-11	5.80977335951563e-23	0.11946356449631766	2.196949079718897e-15	2.1022749291283374e-13	1.3413436590768135e-12	2.991786549457787e-07	5.013090953871654e-17	1.775734102704975e-18	2.5696563430911188e-09	1.0307595532548244e-21	3.370702022357765e-35	0.0	Motile cilia
5326	9.964983711599423e-19	4.757046481074704e-22	0.9753102697894529	0.01712243262185019	4.198877458089721e-13	3.984120929284097e-25	0.007562844463509994	1.0366232821138785e-16	5.211768596437408e-15	1.463778458135871e-14	4.453082782351327e-06	1.5748091692408685e-16	1.5229921895039664e-20	4.196461565660212e-11	1.8966041323997007e-22	2.2610178935807606e-38	0.0	Motile cilia
5564	1.316504041394073e-08	2.885018799708656e-10	0.0018482004408612864	0.6960140244896873	1.7275726794622e-06	2.358519086765337e-14	0.3015302599353509	6.488480039884662e-08	7.575725931608248e-08	2.539573384194928e-06	0.0006030796197482454	4.489370006689134e-09	9.5217925988779e-09	2.599173305899841e-10	1.5829111192462922e-12	1.1287187816150824e-16	0.0	Central nervous system
5565	2.944573415553769e-08	1.3169148493596028e-10	0.03772903167911429	0.3318195749587305	4.86530482293114e-06	4.303277904777599e-14	0.6304211028632541	1.3093352339894354e-06	4.826550875381814e-07	6.078442413162551e-06	1.7514970105732276e-05	1.820362439743831e-11	1.0143455740787027e-08	5.202854685306077e-11	8.117630604568653e-14	6.230089170725316e-18	0.0	Developing neurons
5567	4.628393248785508e-13	7.140030685863249e-13	0.01046711010624385	0.6918627673281359	2.1425072207351092e-07	1.352262241336597e-17	0.2976609864555349	8.343377559754084e-10	2.7415088821651496e-07	1.0228606000557533e-07	8.492564164348848e-06	7.028330884592741e-10	1.7087370580319948e-12	5.131725116490889e-08	9.430687701395237e-13	1.679767787964866e-17	0.0	Central nervous system
6078	9.240072959140982e-18	8.67290385646471e-20	4.874521700103616e-07	0.9998082299533135	1.8866002010852998e-11	2.272616037021771e-20	0.0001912768569734942	2.2739083955611996e-14	3.4735037636424748e-09	6.322453383246937e-13	2.243707361685722e-09	4.248323439687976e-17	4.6433298402441315e-17	8.101461132818055e-13	8.23041650749884e-16	1.1439143992433636e-27	0.0	Central nervous system
6720	6.167415113967332e-05	2.2149335474059804e-05	0.017530030615612643	0.12696401862988843	0.5440185727290276	5.740265298903505e-09	0.08019499622667575	0.00016702091202170708	0.22703981220384728	0.0039039938188602705	2.520412199548201e-06	4.5245386551015985e-08	2.8595153263267872e-06	9.230043716462833e-05	2.711025406637091e-11	2.472419175479205e-17	0.0	Stem cells
6768	9.167740371389811e-08	1.643617911686351e-05	0.03405688097487025	0.1943321613670192	0.27647113740576384	7.548041441773045e-14	0.44493113776105336	2.6278322686618743e-06	0.025243507237609174	0.005700758848046784	1.375086269131549e-06	4.569208834249199e-07	4.352289211075239e-06	0.019239073242508373	3.1778990506721174e-09	1.7443483149991525e-15	0.0	Developing neurons
6821	1.6181126483664805e-11	2.641720558586733e-12	0.0001612658600078154	0.9898326395768341	1.0274443111028186e-08	4.456467139404283e-16	0.00998501642225807	3.1372962120394976e-11	3.859744582076114e-09	5.938755054593408e-11	2.786173176713388e-06	4.168757041007897e-10	2.1673485921891484e-12	1.827730442543441e-05	4.833094361483652e-13	2.577471640017672e-21	0.0	Central nervous system
6912	1.0646031572473831e-10	4.8788884095220595e-11	0.00104985076077137	0.9678363121580393	3.949765770855675e-08	3.074695849815721e-14	0.03111372028178613	1.3660177028337516e-11	3.814670952346541e-08	1.1920574086367614e-09	1.6653831914809467e-08	1.3436981675486548e-10	4.0559807415536254e-11	2.096471118992809e-08	5.656713929534336e-13	7.234447398279253e-19	0.0	Central nervous system
7041	4.6464336336247536e-08	4.279894283518549e-08	0.023113797618097356	0.9601099110768611	3.785540945095849e-05	2.5624445109078008e-11	0.011640246731737778	2.542908844364804e-08	1.734220307925116e-05	6.249684064329594e-07	4.150521633965603e-06	4.0709909487974474e-09	8.55323249956242e-07	0.005075093319583444	4.00539077483875e-09	3.3526004974174284e-11	0.0	Central nervous system
7053	7.853137198499486e-16	5.493420198262977e-13	2.420700542125148e-07	0.9999069604077545	3.66658552850491e-11	8.209789884319502e-19	6.803192138326522e-05	6.654420152282536e-14	2.804359477382437e-09	2.4328624877810225e-12	6.829802994604482e-07	4.738466234144865e-13	2.2548637089822014e-14	2.4079775921321617e-05	1.6014758957906623e-14	1.0178829767171686e-19	0.0	Central nervous system
7068	1.667467972489016e-12	6.162922325096159e-14	0.0018555959110887386	0.9888827878560903	2.6955241908461662e-08	5.884319591449109e-18	0.009165352127817111	8.366276921040262e-13	5.768180726470964e-08	6.734576459111353e-10	5.6615420541722826e-09	9.616449969995728e-05	1.9669707296899454e-13	8.63035141755868e-09	1.4099081543970185e-13	1.3342702301439205e-19	0.0	Central nervous system
7106	2.1165796805480842e-15	4.178819927167541e-16	4.8819089994953034e-09	0.9999984270444146	6.3357570057554055e-12	1.1964441317169224e-20	1.5630564947728427e-06	1.4921587496517712e-15	7.026561149792694e-13	6.023806244751636e-14	5.291716877044895e-10	4.391973716948922e-14	6.938739882048491e-16	4.480862589540234e-09	3.631796238668768e-18	6.710349976725892e-25	0.0	Central nervous system
7110	8.570242102086518e-07	6.427769134424273e-06	0.001648841522698456	0.9816865248072936	0.00207182610287187	7.607897733702745e-12	0.014063229713813664	3.99127212512058e-06	9.221777053655878e-05	1.122065839870981e-05	0.00028610919700603854	1.086064746258356e-07	1.0669539822104087e-05	0.00011512082986069947	2.7742250300574763e-06	8.09531159365076e-08	0.0	Central nervous system
7111	0.0016247950596781306	0.03968582255084232	0.017671737941545213	0.10555699732647991	0.08189158409214739	1.0642839818895376e-08	0.039550844690433865	0.0027299540451058988	0.24583960918573394	0.009610445276594895	0.0087451568933351	0.0005467809780124998	0.04928119212068606	0.050632189077879045	7.823703130618603e-05	0.3465546430873797	0.0	zero
7142	2.799047208437214e-09	6.488664462755074e-09	0.07517965828623362	0.8681012394045698	9.162522476253972e-05	3.3420859113944035e-13	0.05649393867529216	3.6811487130465527e-07	0.00012908758218892557	2.0519476508472935e-06	8.819683372767263e-07	6.969542846553085e-08	3.153708613631116e-09	1.066577236560507e-06	8.108812667321465e-11	5.859681876934224e-13	0.0	Central nervous system
7242	5.011139184614714e-07	2.5440290785928978e-08	0.0023099664009343227	0.9951767219849531	2.966602973093511e-05	1.2159199402961036e-09	0.0007078965394259268	4.838561127468738e-07	1.4714097254014646e-05	3.762364425992351e-07	1.073399831696156e-05	1.0176712303253675e-09	5.188576609182457e-06	0.0017437226793426922	7.426144550986634e-10	7.04624141451369e-11	0.0	Central nervous system
7245	4.070496523355025e-08	6.256924180060008e-08	0.016360717152955492	0.9784772800524059	1.1579720288463963e-05	2.180720064365051e-12	0.004757819861523861	5.1164142204392795e-08	0.00017838093726749458	1.0892133701194408e-06	4.2254774391796814e-05	4.067733631628894e-09	1.8966905691414587e-06	0.00016880861273863706	3.4297801015711396e-09	1.1046445145163115e-08	0.0	Central nervous system
7256	6.428626041794933e-15	1.3316845911168238e-15	2.3319839377934972e-08	0.9999421114897996	3.535035497809628e-12	1.1879938711658485e-19	5.786406255732267e-05	4.2222321557448124e-14	3.175050714109636e-12	8.511451698150613e-12	8.092922422732662e-12	6.256210644552746e-17	7.659434345630161e-17	1.1044391186376929e-09	3.08059382356641e-19	9.346882895322377e-27	0.0	Central nervous system
7261	9.286319567238296e-16	1.2162592459915505e-15	2.1084872702172e-07	0.9999612422589604	5.777904840244013e-12	6.139093011475678e-20	3.8544478869784384e-05	9.996073189483096e-15	2.327997155419581e-11	4.452768003575324e-12	2.092579297649894e-11	1.805398569048132e-16	1.1863617459228783e-16	2.3589938559207077e-09	7.490358774508364e-19	2.626955979469641e-25	0.0	Central nervous system
7272	9.463729989171935e-15	1.7354584191074e-16	2.2468676738385496e-07	0.9998756222904442	5.366318171488272e-11	1.61073717084342e-18	5.208300909973654e-05	1.563281632864178e-14	5.6436025752025065e-09	3.0459186990802957e-13	7.206417502282573e-05	2.0857197326891506e-11	1.6230667733143073e-14	1.2019503267070165e-10	1.5798215620475721e-15	1.4109722028624463e-22	0.0	Central nervous system
7276	1.3338417512087143e-13	2.645107859583664e-14	1.9527516589203307e-05	0.9977944982069676	1.0045184100272578e-09	4.5189590755822135e-18	0.0021858892968045465	3.13724364259266e-13	2.3010166630424142e-08	4.0612609689769734e-11	5.917256241906002e-08	1.134312726365181e-09	2.0082681554784452e-13	6.167652405914294e-10	2.6194541904832666e-14	1.7866525372494223e-17	0.0	Central nervous system
7278	1.9411864953998883e-09	4.5455543181633543e-10	0.001302374972054468	0.9974519588705713	7.05085605608066e-07	5.861081812136117e-14	0.0012333082366503944	5.112721445617699e-10	1.2529847112793718e-06	4.113599792897167e-08	9.381826175749741e-06	1.4421559340050631e-09	6.9355390398218705e-09	9.655797948976805e-07	2.0955110285460478e-11	2.7159313332534786e-12	0.0	Central nervous system
7282	3.7739408055461887e-08	3.134882052406649e-08	0.007218830366216916	0.9852528052853026	3.0460532584004377e-05	6.607444725360708e-12	0.007473405355205375	1.881788774609509e-08	8.494902006543283e-06	5.062491469305278e-07	4.641754381771246e-06	4.552051287971255e-09	1.9497456037624063e-07	1.0567448857302494e-05	6.38740045569269e-10	2.822308170231157e-11	0.0	Central nervous system
7284	2.3651429171761182e-06	1.1993583676031061e-05	0.0036215077128712086	0.9502799832353649	0.00043463125655992776	6.787141268167377e-10	0.023500508745721696	6.353252014589309e-06	0.012644408153003196	2.8731126682858858e-05	0.009376806401307633	2.51918070334075e-07	8.87802255713633e-06	7.965574642066468e-05	8.916446016855964e-07	3.0333795168255834e-06	0.0	Central nervous system
7295	8.972578940586143e-14	1.6953959686674137e-13	0.00011818672251448094	0.998235578496591	1.0710791460932482e-08	7.18093468853043e-16	0.001615645311499903	1.3003055709652864e-12	2.622543166313156e-08	1.968524828593141e-11	3.0309778700711155e-05	2.0997187044020715e-10	9.822480626544441e-13	2.4251890720289227e-07	3.363921695343593e-12	2.039530092511563e-17	0.0	Central nervous system
7299	3.740474341297732e-08	1.3560788786333021e-08	0.002623014549660296	0.99154820339968	1.6983294972991907e-05	6.677260317471942e-14	0.0056705982505846075	1.934415034219291e-09	4.0960977126800037e-07	1.0429907862358593e-07	2.761983813186713e-05	3.7608831384964163e-06	3.2413849460045745e-08	0.00010921979732043446	7.382044101440938e-10	2.5593459536507832e-11	0.0	Central nervous system
7313	0.0008037669312937214	6.429892987143056e-07	1.507802901984886e-07	2.7874161486683327e-08	5.586940038398164e-05	0.9991358355027912	2.878082572505776e-08	1.369908276920026e-07	1.7826925783305042e-07	2.969773606957056e-07	4.741984682849958e-10	5.711732413921943e-09	3.0333380103609308e-06	2.59761523820522e-08	3.407671162511579e-12	7.437374039063809e-15	0.0	Somatic musculature
7380	1.8006591044281766e-16	4.5697635365033443e-20	1.0770321003734907e-06	0.9999521459865482	2.3623720329012483e-12	1.0104833501091522e-22	4.677652194318096e-05	1.642205800103292e-14	4.47180114271267e-10	2.5236263533664354e-12	6.277828123399253e-12	1.2991954412724959e-16	1.1422087420130036e-18	1.0474904797962752e-12	3.0657479821327355e-17	7.268643420689082e-33	0.0	Central nervous system
7381	9.033024185917175e-18	4.2195448911887285e-18	1.6813043506885997e-07	0.9999557095430428	5.187737641079706e-12	8.148268300893268e-21	4.369599253449329e-05	3.740383602569228e-15	1.1327120372083434e-11	3.07584992282672e-14	4.5372364285063036e-11	9.755155079977173e-19	4.3722636622706285e-19	4.262720658287782e-07	2.4139596994415194e-20	1.084200522040958e-29	0.0	Central nervous system
7392	2.3908830327704555e-19	3.854844611993321e-21	7.454746568298687e-10	0.9999999347177909	1.325679395576571e-14	4.281584541639368e-23	6.370181182018573e-08	2.5984844361636586e-19	5.8226869992460775e-15	1.5555546749752885e-17	6.001135905775175e-10	3.4864304702442614e-15	1.0278451989686123e-20	2.3478661776888824e-10	3.3702371294151015e-21	1.3866057828901107e-29	0.0	Central nervous system
7404	0.00026821094635819885	0.002025107337863324	0.01743601831247106	0.0035782437428960117	0.0348951055594791	2.402636413046812e-07	0.3783758561861846	0.0005258139609844061	0.5172104411938044	0.010578016401909841	0.0008451556818247247	0.000714449112200515	0.0306760695371207	0.0019358477209064531	6.36459053875464e-05	0.0008717781369677517	0.0	Gland cells
7408	0.005460433487111995	0.022702307674668666	0.06626686438535495	0.2500928771656173	0.26377776148975696	0.010267552822640986	0.09009623191360336	0.00454890293196175	0.0768250657235414	0.00479928515391391	0.003404510123085571	0.007794430780463405	0.14086278125642307	0.05303183158654392	5.318497495224954e-05	1.5978530360440266e-05	0.0	Stem cells
7420	8.79700985867237e-19	1.3091549155855447e-17	1.6791489899857279e-07	0.9961014125746496	6.2656018142148295e-12	8.121876375852708e-23	0.003898399660447975	1.6108275709410518e-09	2.8097258459589933e-12	2.8447527619816093e-13	1.7889217652065378e-11	6.04219454677357e-20	9.88756423741658e-20	1.8211927089976536e-08	8.788929673574451e-22	6.171514325171246e-33	0.0	Central nervous system
7421	2.2056211155659207e-16	3.416079089249731e-17	9.394151251469213e-08	0.9998097543219513	1.7588892763429511e-12	4.468876878032743e-22	0.00019015101660658295	1.2978799277341809e-14	1.6349655893303844e-13	4.658902099358307e-13	1.4362415273337448e-11	2.6197816625387516e-18	3.3331946830656895e-18	7.031657225663457e-10	7.285970476813712e-20	1.4198035244167947e-28	0.0	Central nervous system
7424	4.4190868010040036e-16	1.067118385691786e-16	3.7823028908734986e-08	0.9997381785461374	1.4662436400854048e-12	1.6098754486029294e-21	0.0002617808232666631	1.229083016450547e-14	7.710250922569332e-14	4.832469658609127e-13	1.0034021141900872e-11	3.1826560952048897e-18	6.809679836974856e-18	2.795493726672558e-09	6.577903651757678e-20	7.139789302423651e-29	0.0	Central nervous system
7426	1.4651825847221688e-17	1.5527818908516996e-17	8.734316947636933e-08	0.9998721891313629	1.2748044146663294e-12	9.015564505219793e-22	0.0001277227208085914	9.269802336482508e-16	1.1481271973136013e-10	1.8552634498290057e-12	2.0762077900415282e-12	1.875126800472726e-16	5.268729922785661e-18	6.846388224978138e-10	7.197682314622262e-19	6.5334433186210625e-28	0.0	Central nervous system
7427	1.0476362896385607e-13	9.643257311674678e-14	1.6657510579249564e-08	0.9999379026799263	2.9982844747812e-11	3.7055477096882705e-19	6.192778918668947e-05	5.157125824192923e-14	3.69685850464574e-11	8.010914174942466e-12	5.933536337115501e-09	8.92235965429863e-15	2.1696800174833387e-14	1.4686459401813748e-07	3.397121327624092e-16	1.0157480047092143e-20	0.0	Central nervous system
7430	4.802549591623235e-16	7.213303701767164e-16	4.0107635109728455e-09	0.9999948137167102	2.107942019834273e-12	2.498799077360994e-21	5.083764759691927e-06	8.723432826893439e-15	2.897823657612686e-12	6.467822702423517e-13	3.6353400463463964e-10	2.233730272230391e-16	5.474967599153158e-17	9.813856994614163e-08	4.13001997375558e-18	3.183899165253059e-24	0.0	Central nervous system
7431	7.486831263046893e-14	1.1383921022015553e-14	2.019746218939042e-06	0.9998416010373441	7.332748728078894e-11	5.710897305195768e-20	0.00015626556081627566	1.4452794063940073e-13	2.537619885566867e-12	3.246117873674851e-13	8.432771796035067e-09	1.2411745122829053e-15	5.767222059671868e-15	1.051464214163165e-07	1.1282921001711566e-16	5.851859100039707e-23	0.0	Central nervous system
7436	5.3228634358924294e-14	3.5917642948037185e-14	9.665579030081307e-08	0.9999970611128398	6.69673755282112e-11	9.551137941847786e-19	2.519607822785113e-06	1.8672095950537612e-13	2.3542721287043254e-11	1.8697678224529248e-11	4.820566413556229e-10	2.826071424922384e-15	2.1964701099959037e-14	3.2203198189339717e-07	8.951555571182977e-17	2.5643938521508327e-22	0.0	Central nervous system
7437	5.316263120211746e-14	4.883982000596062e-15	5.658427283497256e-08	0.9999978000295835	3.6186840362163626e-11	1.5895851957662837e-17	1.550096858350707e-07	4.2249868577931195e-14	1.38286837177974e-10	3.9677240415211655e-13	3.0129893526793925e-10	5.831495491683533e-15	8.346725164674296e-15	1.9879001740213178e-06	1.9204715598236484e-16	9.663659365822756e-22	0.0	Central nervous system
7439	9.954354766413813e-12	2.443686501695483e-12	4.5305057390680505e-06	0.9999837742433243	3.750076892935319e-09	1.1169458873475022e-15	2.577211685182882e-06	2.1697877153510462e-11	1.9969215783197134e-08	1.085325543872625e-10	1.8309840314863158e-06	6.247585485009945e-13	1.9389358892699816e-11	7.263173009508563e-06	2.738018867235822e-13	1.7733205962074776e-16	0.0	Central nervous system
7443	1.1547992313103684e-14	1.1375063367199032e-15	4.018854320038482e-05	0.9678230819540301	3.531902016047532e-10	1.7178980639872285e-19	0.03213630599729847	1.1756878617165393e-14	2.0781415793482744e-09	5.004740968098345e-12	4.0390031450026373e-07	1.5565404546805743e-08	4.3328283888895636e-16	1.6033894834116923e-09	1.2530053223451668e-15	1.073649448081548e-19	0.0	Central nervous system
7446	2.246124867616059e-11	5.3918377024317785e-11	0.0002994368062422884	0.9983331357848377	1.3581154067205666e-07	9.43904018014658e-16	0.0013632636923784332	1.0324777036123062e-10	3.3173944988026683e-06	3.533755039094653e-09	6.401353239225656e-07	5.59306546181975e-10	1.061650904459145e-10	6.597277991376078e-08	2.2503026817385358e-11	1.0399773551115503e-12	0.0	Central nervous system
7447	1.407530150238393e-10	1.930127598104538e-10	0.0005328188560979317	0.9992281261405692	1.9561802755837719e-07	3.0719931475677847e-15	0.00023711016443119968	1.709456730697613e-10	1.0382084848786663e-07	3.0576688833996575e-09	3.0564421223547236e-07	1.8233873358743095e-11	1.3981185848645857e-09	1.3347275590181776e-06	4.202071112536109e-11	7.497389278876976e-12	0.0	Central nervous system
7448	9.158415896928412e-06	1.5512099356624843e-05	0.2516099192950614	0.7387069907397129	0.0006425953744884383	8.445171761120204e-09	0.00594083041041562	6.5322812699609e-06	0.0025634084491434356	4.198695919910962e-05	1.2154776782631687e-05	7.467737575168522e-07	0.00017352780192564916	0.00027545192683246756	3.5328432619647503e-07	8.229666593828158e-07	0.0	Central nervous system
7450	1.111333609110764e-05	1.1480439031781638e-05	0.24746041940841917	0.7368049456319571	0.0005794681939468294	1.5111982220459016e-08	0.013251537649606796	4.552176963382853e-06	0.0012996526065332796	6.016925253976253e-05	1.0620619935893244e-05	2.946607647261987e-07	0.0001501853377176755	0.000352245506338181	1.149783022701947e-07	3.1850898701591877e-06	0.0	Central nervous system
7452	5.6240958400250665e-05	2.409797079591386e-09	3.678990574251984e-09	4.370533073756549e-10	5.969589090078264e-07	0.9999430628267719	1.9120024937898765e-11	4.0030695629751614e-08	6.296501510197927e-09	2.2097371308656694e-09	7.875529029700818e-12	1.9870754745409728e-10	4.396029108488265e-08	7.144959507922751e-12	4.239430543608192e-15	4.874630182170116e-18	0.0	Somatic musculature
7462	1.2243437419476797e-14	1.745654732366638e-12	2.0325533850885916e-06	0.9998277477377273	7.507766454739032e-10	1.477627051318438e-18	0.00013006887279857517	3.714462106309539e-13	8.827898167376156e-09	4.084584934827608e-12	7.089337573620522e-08	8.682392934753799e-12	1.2573281647611293e-13	4.0070348973924676e-05	4.2367902138572606e-14	9.078058569107093e-17	0.0	Central nervous system
7464	2.7555082913786675e-13	3.16643113050426e-14	1.168574680996973e-06	0.9999471939014304	2.730926224909083e-10	4.403187597056263e-18	5.096315443028006e-05	1.6300521367790745e-12	1.3152950721794858e-09	7.134121864812909e-12	1.5618908768334032e-09	5.607110998512793e-11	7.361912379123977e-14	6.711539629738797e-07	7.104728084274892e-16	2.283019794937618e-19	0.0	Central nervous system
7502	1.2237420485793173e-07	1.8816593708704497e-07	0.007557380936421565	0.9887185080117029	1.104070143013335e-05	4.170550852394719e-12	0.003640215946480775	4.839026546253116e-08	2.6008260089457972e-05	7.395669938453377e-07	2.540597969946857e-05	5.75576408867367e-09	1.3736628082931575e-06	1.8422470194217773e-05	4.7140809667402e-09	5.350597563047194e-07	0.0	Central nervous system
7590	2.396589306844333e-17	1.1962766941309052e-20	7.921577230969033e-08	0.9999997873812884	8.200593438987765e-14	1.5092499233476705e-20	1.3315313722642326e-07	8.541072128073697e-15	1.3548790095297334e-13	4.521272159315012e-15	2.4536163233369374e-10	7.237039339672971e-19	1.4716998910705175e-19	4.20982056172244e-12	6.046475164005181e-21	6.64039583333526e-33	0.0	Central nervous system
7595	1.2368895910506508e-15	2.1657472695140113e-16	4.982725649439876e-06	0.9999900331421	1.2916335570610742e-11	1.3417761584044353e-19	4.971559517824445e-06	6.082796083527387e-15	7.802869602422701e-10	1.972594792058713e-12	1.816093323075546e-10	5.526127764040807e-14	2.616977583100435e-16	1.1595882850350162e-08	1.5108714361028737e-15	3.538457842002931e-24	0.0	Central nervous system
7606	1.510722010659522e-13	1.293392726916243e-15	0.006968287312547035	0.9594981033267999	8.599599486213431e-09	1.4641172156105596e-19	0.03353335276676772	2.4807032121869757e-13	4.9607430630966555e-08	1.637948406247199e-08	1.7706883442263948e-10	1.812289529551869e-07	1.0243806613521409e-13	6.007867967924586e-10	5.977169158313267e-14	4.058092828952734e-23	0.0	Central nervous system
7650	2.8764890853771955e-16	4.2725187694653003e-17	6.685935731565153e-06	0.9999524863442818	1.873378018653229e-11	2.570645217318186e-21	4.076958195916259e-05	1.7461339749176635e-15	3.261762146254809e-11	1.153530638633e-13	1.9840859859735457e-08	1.168404363899276e-15	3.00142693792141e-16	3.8245696939178134e-08	3.009411925090338e-16	8.631257021316766e-25	0.0	Central nervous system
7651	1.1409692742376144e-12	1.9014887656020535e-13	2.7836745202327892e-06	0.9999565995316632	5.536735727236555e-10	4.29731636794863e-18	3.55957710590288e-05	7.297971008913837e-12	2.4553709574585952e-09	2.9603227837204563e-11	8.790867038871781e-07	9.850998777434534e-12	2.97749660522695e-13	4.138878617790503e-06	1.0191586158295045e-14	3.214325537514867e-18	0.0	Central nervous system
7652	3.3499884511120784e-12	1.5627507181571707e-14	3.6715188281704426e-05	0.9981369993172736	3.772409870920115e-09	5.562905706547388e-17	0.001823970951000561	1.9003365220354441e-10	1.5166840230598126e-07	2.357252386786446e-11	1.5242315372012202e-06	9.861881097076437e-12	5.355504133180657e-13	6.346437250017248e-07	6.190683804903627e-16	1.4327256748039486e-22	0.0	Central nervous system
7657	1.3471607084039556e-09	6.146298818876044e-09	0.0002918640284906059	0.9988076194550304	8.759973863322311e-07	3.224593924950779e-15	0.0008763222243229478	2.514906935196094e-10	7.138791980207488e-07	1.1324538227135121e-08	1.7790798973382703e-06	2.005981515507807e-08	5.345180334205539e-10	2.0785584992959705e-05	8.676364067569528e-11	9.305456691974102e-14	0.0	Central nervous system
7665	1.3880431352286267e-07	2.9574833033599427e-07	0.06376512997454578	0.9267879285746901	3.0190387504904647e-05	1.840843713879316e-12	0.008935090714400299	1.3355619501018653e-07	8.486922092871731e-05	2.4120768209098404e-06	4.746973611227244e-06	1.783284125789038e-08	3.039859626167553e-06	0.0003858667365419951	1.81133675124737e-08	1.2142444128997104e-07	0.0	Central nervous system
7667	8.087158786178789e-09	2.097650310276453e-08	0.03991937304766108	0.9556546886249006	9.39588150483335e-06	4.301851477845388e-14	0.004192992446008777	8.847927029551665e-09	0.00021779828908143455	2.294525088822443e-06	5.359937735637374e-07	6.43906340438244e-08	1.4329293518228346e-07	2.659813887164309e-06	1.2312818902955896e-08	3.4700733210230203e-09	0.0	Central nervous system
7682	2.1303166930127863e-16	4.240243212449095e-16	1.480489857715976e-07	0.999984320454989	2.4815236808599896e-12	1.070801863199676e-19	1.5466348610476384e-05	9.004229233445748e-15	1.0039803977376851e-11	1.6216611667116296e-13	4.0847631573222265e-10	5.534804603605721e-16	6.952634240842838e-17	6.472624426158215e-08	5.01666351992762e-18	4.344767369297093e-22	0.0	Central nervous system
7684	1.641885216526779e-11	5.400686789455155e-13	0.0001270441342529437	0.9957892542132968	6.163965878973136e-09	2.9478367772660016e-16	0.004067237758638686	4.2662063040448744e-11	1.685670692351097e-08	2.1509282124639746e-10	2.6990096647438608e-06	1.249221759721088e-11	3.215404902720238e-11	1.374154215876603e-05	1.951020009380257e-12	4.051280783564218e-15	0.0	Central nervous system
7696	9.882766277573285e-12	1.7308057138844433e-14	3.127937369625e-05	0.9998597364636229	5.663959615551842e-09	3.207374878308895e-16	9.763133384038702e-05	8.761933231304917e-12	8.048220656795491e-09	1.7983551283398778e-10	1.1194850294901151e-05	1.2285723346957481e-11	4.3649512549542305e-12	1.440511283286836e-07	8.836215582052708e-14	2.340054646064715e-19	0.0	Central nervous system
7698	3.260811670612258e-09	7.369839832915502e-10	0.0029376937995210903	0.9876896949256281	2.674230326738193e-06	2.5401225432382057e-15	0.009338025234031154	2.549981140268989e-09	2.2864294557958205e-06	1.5842562114584146e-07	1.2171830571533613e-06	2.7617409892987336e-05	1.541091601128376e-09	6.24256593628865e-07	1.6214521375849768e-11	7.869684548733826e-13	0.0	Central nervous system
7700	0.3738833171821376	0.02129352325431704	0.008059186471785216	0.018569148661198628	0.16109493121266613	1.6697252617919021e-07	0.010755853682868494	0.0015969622621149892	0.026219642400938315	0.006626952953508585	0.019503738806593045	0.2765114173020911	0.06281803189720465	0.0001725570423351615	4.180948744553966e-06	0.012890388948970415	0.0	Cardiovascular system
7701	0.004446239807719657	0.46174773353433163	0.010657123098828145	0.0012409403369216072	0.057420757127353804	1.0479010455641757e-08	0.0019068085379579918	0.014907258457107622	0.009465644170396826	0.004172624255976381	0.0008558531427049322	0.00015829086253644903	0.031798573842501995	0.004888512954490222	7.645965663076282e-06	0.39632598342649916	0.0	Midgut
7703	0.5618972675297602	0.022406556517859794	4.935747431289388e-05	2.966540264855991e-05	0.014529466712001154	2.2706606359082386e-05	4.149978637388901e-05	0.12643634459056236	3.455422610806356e-05	0.13429190418005912	1.1508643946824035e-06	1.8250135126709668e-06	0.14023944718533285	2.9947563352998605e-06	3.558399633144314e-08	1.5223570383070787e-05	0.0	Cardiovascular system
7734	0.0006337006469833356	0.002373088537472266	0.5576841706672445	0.21464527297903221	0.003549988137306342	5.4108322348689954e-09	0.013923015613560932	0.0002130198228935441	0.03581068503203464	0.0008938973094508249	0.0039339393380718535	4.538338536533463e-05	0.026918036724399186	0.0019196290947314227	2.8079506788599828e-05	0.13742808779383253	0.0	Motile cilia
7741	0.0061659944504341155	0.030131748155890883	0.3636843104389649	0.2841525533775259	0.025245627840293158	1.3405390723816228e-08	0.016794442260093596	0.003146818825022571	0.05889402702672916	0.00703615034585341	0.0008380504158640313	0.0001351452005365374	0.011010162333004668	0.0003025038677870598	4.324453808233195e-06	0.1924581276028011	0.0	Motile cilia
7858	1.9572623578990629e-07	5.152476038787705e-07	0.007638490598034187	0.9642052716889294	2.9073426570521586e-05	4.92508340029486e-13	0.020451855371813106	1.347182347950805e-07	1.0774106162009287e-05	3.038808583182217e-05	1.104778882555749e-07	1.255309975488925e-09	7.802111695299246e-07	0.007632408989053913	8.089271942657714e-11	1.5777689913987864e-11	0.0	Central nervous system
7860	1.7783821671011916e-09	7.80538145935996e-11	0.12351226912664044	0.8192631272250491	4.0520552243426485e-06	5.998381453712225e-13	0.05718711909647321	2.2908360961985417e-09	5.822347545270507e-06	2.699596514568624e-05	5.4453026024642825e-09	3.065265966307053e-10	4.575272549131844e-08	5.584464811398054e-07	8.501354861587535e-11	5.218438412828955e-16	0.0	Central nervous system
7898	1.1227946988605792e-10	3.090277714951575e-11	0.0007630874702620052	0.6461013639681408	3.913084154302761e-06	2.1020488728304568e-16	0.3506728727487146	0.0024379418096067947	1.7526040421651315e-05	2.7949016829321997e-06	1.959938358686522e-07	2.050093740867497e-09	3.0788519289848283e-10	3.0147794707256514e-07	4.072525706314814e-12	5.353998765619211e-19	0.0	Central nervous system
7901	6.534977816835185e-08	8.73535313262471e-10	0.20287865601126825	0.7691975129369557	1.2610691648813592e-05	1.7232864877748372e-12	0.023376817072999347	0.0012526144216749475	0.003259432255143295	2.0528786514813284e-05	5.085709665243466e-09	5.362593606477165e-09	8.65037091177684e-07	8.859753202329976e-07	1.3804295680048426e-10	4.975157031520065e-16	0.0	Central nervous system
7910	1.808914193119476e-15	7.725912271470844e-15	7.05069443079628e-08	0.9999965063401522	2.232332361462397e-11	9.634576043729334e-20	6.879063088995228e-07	6.795991237861804e-16	8.605449179101551e-12	7.767351271407824e-14	2.6804963328728935e-06	1.3933222269529962e-13	1.5674564940854535e-15	5.471910227199727e-08	1.819410844536081e-15	2.980978918828678e-20	0.0	Central nervous system
7912	1.9805414058428713e-18	1.575493060391971e-20	7.569177492887908e-10	0.999999924522997	1.0001937637505285e-13	4.5463275655693155e-21	7.389495154067293e-08	5.050739999850938e-17	6.375548061916041e-13	1.0862178116037341e-17	4.444172170218301e-10	2.53841918782056e-19	1.5193740243789097e-19	3.799789347560851e-10	2.8803422542177367e-22	9.554192653845127e-33	0.0	Central nervous system
7914	2.0022532639291584e-11	2.9641402497873583e-10	2.6508060856623283e-05	0.9998353917914631	3.717284313383503e-08	3.487339236441337e-16	3.2729087801247824e-05	6.338516431752947e-11	2.294924420455395e-07	6.141417024802184e-10	2.825184831823828e-05	4.208375436998509e-11	4.868927193910079e-11	7.685145533684032e-05	6.164064952454783e-12	3.8081348499838555e-14	0.0	Central nervous system
7915	4.838948525427925e-09	2.0093342833383918e-08	0.000143704340308489	0.999296155129468	2.530840199945408e-06	3.611343560557447e-15	0.00041415093985754754	1.4784122214734846e-09	1.3310587960907014e-06	5.923978460149764e-08	2.494989134405531e-06	6.749632541926205e-08	1.0333025056164899e-09	0.00013947849482075965	2.6956984034505555e-11	3.3764277198660223e-13	0.0	Central nervous system
7916	1.3086791993320943e-14	2.4693344734657673e-16	5.4347823367856474e-08	0.9999997820728829	1.4076623901904909e-11	4.902163899277284e-19	9.224439783435444e-08	1.1181203468088952e-14	1.8076478699610043e-11	1.1631472554417972e-13	7.106589689073003e-08	1.3749338596951244e-13	3.183856213369681e-16	2.365673668802497e-10	3.9456714042459315e-18	2.0332171792689625e-24	0.0	Central nervous system
7917	0.0012390687450072955	0.000420883754448085	0.07716834379496278	0.1060800391730407	0.038516915500093986	1.6794479824536192e-09	0.7476462000783438	0.0002319891897869463	0.0031797517564848316	0.0005868934773992042	0.0237783942750842	9.938001443864967e-05	3.523927704864224e-05	0.0010168150116193159	4.719358875278341e-08	3.7079204901569405e-08	0.0	Developing neurons
7921	0.0005123888360815938	0.0051723843742456435	0.263111248049727	0.6012081132309155	0.03394792660637042	1.711505779526528e-09	0.045551088454836845	0.0004640744952006203	0.020563713630826052	0.0007910173012056533	0.00039055684634837286	8.598375437176832e-06	0.0009022560235448769	0.026083279801917235	1.475436495562594e-06	0.0012918768253416765	0.0	Central nervous system
7922	4.610612613319932e-09	6.95215444744675e-11	0.00450704816595744	0.9928816692886759	8.17117485992499e-07	8.716643413482604e-14	0.002604094487103283	1.0724406582541945e-09	1.2997166051593918e-07	1.8193311917098916e-08	6.082771082863085e-06	7.086679280688521e-12	2.9742827418412177e-10	1.3394423664084917e-07	3.278282658474889e-12	3.0571701569941716e-14	0.0	Central nervous system
7957	6.28489429850126e-08	3.601829595798342e-09	0.009334309653112249	0.9782178994707763	1.0473692176943266e-05	4.1448191115701415e-14	0.012334931602326448	5.862742917217869e-08	9.584158922140713e-06	8.866619263905514e-07	1.4847848624036774e-06	8.98424476173649e-05	7.324693399342744e-09	4.5509963116246725e-07	1.9549639457712693e-11	6.1623589786189364e-12	0.0	Central nervous system
7959	0.49687397916406784	0.0036862119768901313	0.028700639192853074	0.09163234662725232	0.27281868870952736	1.4009828872058202e-07	0.09034123479089896	0.0006620352556532875	0.002450316250554987	0.0011158673695821348	0.008088277075018902	0.00037888743640554045	0.001993592008807008	0.0012568856985299868	3.6044578837697884e-07	5.378998815408774e-07	0.0	Cardiovascular system
8009	0.00011830308955968807	0.6198125631833216	0.00010526394827003882	1.0002398734858365e-05	0.002205797685412992	2.283573376328469e-10	0.00018276581805026256	0.3671260552509347	0.00010377338400766829	0.002314723184185909	8.27327686423762e-07	5.518743320412537e-07	0.008012093569507783	7.276856647502893e-06	8.807113920478966e-10	1.3202799267733523e-09	0.0	Midgut
8137	7.184932079385469e-10	7.62230079427297e-12	0.000995430448008501	0.8313599644790215	1.2626378786604216e-06	8.675223886343517e-14	0.16753453799537454	5.587394755098259e-09	0.00010371798470183047	5.056535561735535e-06	1.723863053773514e-09	1.4000260643835178e-10	9.546073724936087e-10	2.0691518175298438e-08	9.586412351270688e-11	6.732336847791379e-16	0.0	Central nervous system
8141	2.2800485432780607e-07	1.0674198663516664e-07	0.0017252572685166072	0.9438631745572255	2.569761959403002e-05	8.74955114581596e-12	0.0008974708890367576	1.0721185850759242e-05	0.052192542913032984	0.00022083427315121047	8.936743054681623e-07	8.084576148094132e-10	1.0205073655501487e-06	0.0010620492642119436	3.4626459418114465e-10	1.9373967237935436e-09	0.0	Central nervous system
8158	1.0612873203777873e-12	3.6028187846627377e-12	0.004125874319810515	0.9664630785242007	1.3657726549704775e-08	1.252263924642955e-17	0.029410963147228547	2.1006021845437944e-12	3.592874533893231e-08	4.7033766742704305e-09	1.3632592564041428e-08	3.7507548883618325e-12	1.1278710553656648e-11	1.6064284964849237e-08	2.3997240537555817e-13	1.898975879819982e-18	0.0	Central nervous system
8160	6.815916095670487e-08	3.5551177111594935e-08	0.08907722704985463	0.8939487963753452	2.4980197321688084e-05	2.2274704455495563e-13	0.016824349427311026	5.088349229592797e-08	9.895854594258068e-05	6.911611019654153e-07	1.8825806479831366e-05	3.5169036436727263e-07	4.4602153603192666e-07	5.188719500972715e-06	2.8323308631690666e-08	2.0878801186691542e-09	0.0	Central nervous system
8187	1.0925696302788804e-10	1.982385277681083e-11	0.0980950788338173	0.7886102995923016	0.00010373338492295566	2.564232685043531e-14	0.022992520770241828	3.88540900689507e-05	0.003968232321668888	0.08619047767434311	9.652382907730385e-11	2.990077402664589e-10	1.4816450553135068e-10	8.026520055633748e-07	7.826067975755177e-12	1.2665269241504588e-15	0.0	Central nervous system
8194	3.992550105819997e-09	2.857078697262787e-10	0.15086948960906968	0.6500255829684112	3.072730583404822e-06	7.536240760180762e-13	0.09085926802368231	0.10822668771870621	3.6701440300392444e-06	9.825551390562893e-07	2.7918963395429313e-08	8.2810201122836e-12	3.619769062753895e-08	1.117784603209227e-05	3.992801426530164e-13	4.5542074412141e-17	0.0	Central nervous system
8202	8.103396195236831e-17	8.784613991312344e-18	1.493028247035978e-07	0.999995031367876	1.5531287224475e-11	8.702827608024925e-21	4.648967567405724e-06	7.10274383305735e-17	9.412206002801447e-13	2.17042628170058e-15	1.6908642102983414e-07	1.1273824639323697e-14	7.33328739342836e-18	1.2588245899935664e-09	2.2490759177890614e-18	9.03856420314775e-30	0.0	Central nervous system
8295	1.7049819375650344e-13	2.9592685369976976e-14	0.001500751915455772	0.9955118586868341	1.7129807170529957e-09	6.3688755251536285e-18	0.0029862438561390993	1.0805682895172598e-13	1.538741409646476e-09	8.864843583078655e-12	1.0961128555637783e-06	4.6401377665658e-13	1.4376542064702593e-13	4.6167134229281207e-08	7.799052634290943e-14	5.8246378351856e-19	0.0	Central nervous system
8423	0.0007409158190964898	5.428008889193577e-06	0.24216595908115215	0.4776345032737093	0.035329611974717595	2.8911827132292244e-10	0.1661841708500332	0.001353336206582934	0.0045864969203994466	0.06981024493773066	2.6511019093238984e-05	8.16084763280321e-05	0.0016239673161735136	0.00045719819898988313	2.019900813784588e-08	2.742897771857798e-08	0.0	Central nervous system
8431	1.200618645243997e-06	2.9433036298280288e-08	0.007222847760670907	0.9897160348327322	8.154119649596163e-05	1.9023535673602008e-10	0.002926842285887847	1.8164060416375855e-07	8.603212272950654e-06	6.889763157385633e-06	8.94669306491065e-06	2.234832268522855e-09	1.3540642636823699e-05	1.3336821177650041e-05	2.6553514383305735e-09	1.9198613540611964e-11	0.0	Central nervous system
8433	3.299908877754572e-08	4.291467050243009e-12	0.0004726859904835655	0.97525453840896	3.080802664939186e-07	7.247651955792796e-15	0.018929331155895963	1.7349462744693605e-10	1.6037770134152253e-07	8.086855666494247e-09	7.060870781816134e-06	0.005335256020660092	2.049665281311642e-10	6.17619192923281e-07	7.353119433779098e-12	3.593346630879477e-16	0.0	Central nervous system
8434	1.3259733058851365e-09	1.8720211975128622e-10	0.0021444161730186204	0.996748070738628	1.2701440515911833e-07	3.4133680622549017e-15	0.0011067480851039665	3.7837604476231436e-10	2.6969414850760947e-07	5.573949753396077e-09	2.0770395740001374e-07	3.409625331774944e-11	2.2725264418878446e-09	1.5079639611825803e-07	2.2108480152569102e-11	1.063458913805202e-13	0.0	Central nervous system
8435	1.0482257735831421e-08	1.9422505832209544e-12	0.000717681020557497	0.9983388483443663	7.906337139163584e-08	1.212274266911914e-14	0.0009432073403222049	1.9579273384204168e-11	1.4057739887851612e-09	1.8837499689532566e-09	1.638839442141155e-07	1.512010927129601e-11	2.980838100861166e-10	6.240713019944448e-09	2.0567999251325223e-13	8.563870587626478e-16	0.0	Central nervous system
8440	3.439825732499538e-09	7.821811567273558e-11	0.011088540865410002	0.984620736820622	5.374687728331369e-07	1.1183694916856858e-14	0.004289165489857452	1.7682789907170097e-09	2.4969219001161003e-07	8.895560213111554e-08	2.179365430597297e-07	2.1197723701572337e-11	5.132432015115425e-09	4.523246296248373e-07	6.014297842258188e-12	3.947594365395549e-13	0.0	Central nervous system
8443	4.2047363487760514e-08	7.087303416696083e-08	0.28201941622519777	0.7022461524720489	3.6100530748816787e-05	7.39158210839904e-13	0.015472641011065992	9.286152357084805e-08	0.0001481120744572655	1.2915688010580725e-05	2.550750908189494e-05	8.351392523798004e-09	3.257035356466106e-07	3.7799506172150345e-05	8.129813805467179e-07	2.1642476338403442e-09	0.0	Central nervous system
8486	2.977405851338053e-06	7.702427065486252e-06	0.48772842779719505	0.45712412340722836	0.0009315854490177775	3.1966040375644505e-12	0.053269104816699546	3.4237922938507376e-05	0.0008088256969011732	3.885198596717001e-05	1.5369313891378345e-05	1.3228893128278403e-07	1.3661902302770245e-06	3.728012506079402e-05	1.2051616916142497e-09	1.3964663561166042e-08	0.0	Motile cilia
8509	1.252242007533777e-09	1.930201333334554e-11	0.0019229333712180018	0.996987560011149	2.532949573119974e-07	4.2988209242555935e-15	0.001082299245651303	1.574263548040201e-10	2.568559694259632e-07	2.8252325490006106e-08	6.282287343811513e-06	3.223943306412288e-11	6.494567890925418e-09	3.7868597559841874e-07	3.952705075874231e-11	1.0093319459850496e-13	0.0	Central nervous system
8553	4.26851285378686e-08	1.0125889273442516e-07	0.09577351716197768	0.7624399111128981	0.00019165690885174116	1.5651375463932138e-12	0.14089733216055259	2.5785289422032054e-06	0.0005330671118961513	5.9615477700386854e-05	2.4816462996829224e-05	5.302093975575142e-09	9.791894130872176e-06	6.750924053544796e-05	4.587415252746546e-08	8.817685335388506e-09	0.0	Central nervous system
8559	0.020012801848760944	0.00020541132389054897	0.046332621226809964	0.18289417408919	0.04272755266695004	0.0002217667296294803	0.6879682188405515	0.000357849971788064	0.018097755114596187	0.0009590355496291153	1.5202109605536339e-06	8.298479027757074e-07	0.0001317243472683756	8.873374142938886e-05	4.490640068477011e-09	3.0801266163008336e-15	0.0	Developing neurons
8639	1.0219407551122605e-08	7.001405033984094e-10	0.0011298574534924044	0.9828500390883607	0.0001057014485167131	5.643425955483259e-13	0.01578176217579596	5.283709095742504e-07	0.00011647009591446272	5.955958806618457e-06	4.970398018863951e-06	1.1573979937739843e-08	6.561160785486282e-07	4.034815474317513e-06	1.580607762789898e-09	3.931556902684902e-12	0.0	Central nervous system
8649	8.295737134828987e-11	1.6996341176522023e-11	0.05498179928516551	0.7572351017940417	7.46579887016508e-07	2.47473044152624e-16	0.1877811234102358	1.089142343636635e-10	2.477765036123478e-07	6.964772570920388e-07	2.8075296535877667e-07	3.576969671618979e-09	6.52949840883071e-12	1.315594755639603e-10	1.705488747055107e-14	1.642680809472689e-17	0.0	Central nervous system
8660	2.2133613284427867e-08	6.732347327658262e-10	0.006251241649038009	0.9814459003401171	1.9145746520588334e-06	1.518708822052107e-13	0.012293878915825535	1.915823206436471e-07	1.2416634984565648e-06	4.56654764074604e-07	3.7776337838055557e-06	1.1254851563032652e-10	3.570688751078243e-07	1.0169423993941949e-06	3.757692143638607e-11	1.7600496500477605e-11	0.0	Central nervous system
8661	8.403276045769185e-12	9.820061924129905e-12	0.0009190888276424841	0.9896671503140293	4.804240754316964e-08	8.150763300229843e-17	0.009408555720236076	5.354958361939278e-12	6.883799446701167e-08	3.031413402667242e-10	1.037888923485964e-06	2.2267639927918568e-10	1.8616922298556676e-11	4.049777576361008e-06	2.317327333557386e-11	4.002855846454867e-15	0.0	Central nervous system
8663	3.589429043766038e-10	1.5053061543123347e-10	0.03716557960649618	0.9523755469210773	9.149500301856067e-07	2.034653749532556e-15	0.010456007649969028	1.216169049615186e-10	1.9665696557479038e-07	1.6730460729827343e-08	5.313827003183656e-07	2.876361503514197e-11	1.6936189652834606e-09	1.203725350287774e-06	2.3280378466854293e-11	1.9485096075295274e-13	0.0	Central nervous system
8696	3.655535154629817e-10	2.197821880686238e-10	0.0006909055447736983	0.9988202475163293	2.043959582570463e-06	8.134488849335104e-14	0.00020173415751843858	3.1165363850436375e-09	3.6264178031906015e-06	5.30199559368521e-09	0.00024300678600546027	3.01314084139781e-08	1.3444040518827266e-09	3.8395121349683226e-05	1.6815661508649662e-11	6.090900226507868e-14	0.0	Central nervous system
8719	2.7344846271468845e-06	3.800404709386011e-08	0.02417256091960206	0.967803988391921	4.332692348052496e-05	8.087475331991444e-12	0.007911159263971379	2.4460597220230034e-07	1.1397792747617177e-05	2.5070168355801647e-06	4.890544656467961e-06	3.287156996807264e-09	4.4905888726454435e-06	4.2653580720994824e-05	3.2471784229004058e-09	1.3401223641446067e-09	0.0	Central nervous system
8725	1.0189596065509812e-05	0.0002048618311587198	0.10716074812334382	0.7338140912598957	0.0008510800478911091	1.6236044269885602e-11	0.023443370124065305	1.9655599352093557e-05	0.13285645153659872	0.001389673389655639	8.1475907650043e-07	3.269883733088783e-05	1.9657019599666696e-05	0.00019365221650616813	1.754635951596735e-08	3.0380968646792334e-06	0.0	Central nervous system
8729	0.00035558191674047037	0.016906396767333926	0.227054995860844	0.5669432631979977	0.008209266884537788	7.475101417361002e-09	0.06713110519676335	0.0008012766870608764	0.0462232646291102	0.0030945786129650894	0.0008757638992918174	9.165915083795908e-05	0.007522630728306226	0.011301721121407812	2.6940888989813643e-06	0.043485793782802276	0.0	Central nervous system
8830	1.9071506462902808e-10	2.1706298001918293e-10	0.0009814548451175717	0.9742218100332692	5.817976920251314e-07	9.39412234797061e-16	0.024792233107987303	2.535257720177776e-10	1.3396820752111003e-07	3.920332075352902e-08	8.147442945720421e-07	4.133520449472157e-10	2.8089621386424966e-10	2.930935755829563e-06	3.4806868991994055e-12	5.321424255580723e-12	0.0	Central nervous system
8832	1.163614557351989e-05	7.911240294585754e-07	0.5893480504841766	0.35409281823713495	0.0007770018385975234	5.100723932769647e-08	0.05494199334306758	2.7227176568751757e-07	7.155853422049547e-05	2.7722894660773293e-06	0.0001227165055430441	1.9871855907192684e-07	2.200399334772912e-06	0.0006279304726117945	8.624820743673079e-09	3.85940632131456e-12	0.0	Motile cilia
8838	4.5424841769444165e-05	1.4011339470620534e-05	0.2118786395967507	0.7222159365551174	0.000870567208418761	4.4597063537306366e-08	0.04888795529669668	2.6808260257874366e-06	0.014873464540190347	4.305585097093534e-05	9.636041578929495e-05	6.130459454497256e-05	8.47476260020779e-05	0.0009228779400713673	1.7113952570393266e-06	1.2173758611301095e-06	0.0	Central nervous system
8839	0.00024165406691666926	0.0021513259651620782	0.00042205069859363535	0.004425391451331907	0.0004507295343666111	3.782628902104485e-09	0.00022256763223862976	0.000120543544553971	0.006092567461617222	0.0002119944899261585	0.0001477389763000412	2.870191082277511e-05	0.017769778993444903	0.00011310648390529838	3.023836615491303e-06	0.9675988211715757	0.0	zero
8841	1.5007718026832102e-08	3.272726142191057e-13	1.10515857656893e-07	7.802814291914032e-09	9.729748206119417e-07	0.9999988843584255	5.8963398212637806e-09	1.4892938884024283e-10	2.5781759569466883e-09	5.488199701789056e-10	2.143223833759247e-16	1.5384953465354646e-12	1.6609914486686266e-10	1.3334739067421638e-13	2.158151867585823e-16	1.6444493411886985e-28	0.0	Somatic musculature
8842	0.00018036200811996853	0.004368503149688544	0.01319927853088718	0.22759812814595756	0.2000680441441459	4.881735152349505e-07	0.12459813944857005	0.0014294376220368528	0.00913701707912515	8.309813468827629e-05	9.948926693120561e-05	3.248547539151048e-06	1.99280482255893e-05	0.41921478437831583	5.332223968359009e-08	1.3823140913425749e-14	0.0	Enteric nervous system
8856	1.941197477289315e-07	7.954014957518292e-07	0.046494655349065626	0.8969319919049635	0.0005883554430257164	1.1933494779849039e-11	0.05405958968486339	1.117429951955983e-05	0.00023512924938209353	9.931815582814705e-06	1.6778630862419143e-05	2.3758554347922563e-08	4.5196732360653e-05	0.0016061487974354913	1.41037801112886e-08	2.0697427374947092e-08	0.0	Central nervous system
8979	0.0004084430231677867	5.499702059865247e-06	1.2459355260294792e-06	6.991442439786531e-07	0.00036984841848322636	0.9991438252338133	1.4405675423146251e-06	8.146185065391172e-07	3.401409161026744e-05	3.0675203501262195e-06	6.441571001614817e-07	2.007081162297628e-09	3.013167514624577e-05	3.2306936918243124e-07	8.126468812004942e-10	2.3353040958743514e-11	0.0	Somatic musculature
8999	1.2414908775706685e-10	1.8044058532243433e-11	9.310301869856489e-05	0.9792978850154311	1.7771933449494782e-07	7.63020928699299e-15	0.02060546482172603	8.405242433760967e-10	1.3682400005108044e-06	1.818041514550631e-09	1.2244705917355889e-06	2.1041058942321874e-10	4.799181897721641e-10	7.732151271748396e-07	7.946797615346705e-12	4.801229349834958e-14	0.0	Central nervous system
9000	4.652838466976551e-11	5.0709027652744615e-11	2.724140290066359e-05	0.9334457517336022	8.012676413992812e-05	1.8326566393773094e-14	0.01033925331445778	7.374228895928265e-05	4.722576467176243e-06	0.05602809677128806	8.952219500889651e-12	8.602647467769688e-11	1.7989109198708923e-09	1.0631570123298583e-06	2.728324029537395e-14	4.8341867630568937e-20	0.0	Central nervous system
9006	3.6025468439817726e-08	1.2606760240215256e-05	1.1342782690842794e-05	0.9948204310677011	6.102813930423667e-07	1.8749273628063065e-12	5.6432275539217884e-05	2.632757782591774e-08	2.4339769309146565e-06	1.25533054916633e-06	3.9544462014058706e-07	5.540493699261304e-12	2.1735906471850933e-08	0.0050944078468894444	1.091366946004409e-12	1.359865002652946e-10	0.0	Central nervous system
9010	0.039044136470307404	0.09101668217782649	0.09090503374607475	0.05716125064439512	0.21557950860754288	5.457044681510117e-06	0.02746576267572614	0.0023144312837579334	0.04564500753789478	0.0797235783861507	0.002689876936030335	0.0026161007652888927	0.3449220221920809	0.0006550568322605946	3.4608622468146113e-06	0.00025263383773476035	0.0	Macrophage
9035	0.0301229101187805	0.1288470871408408	0.00030175268633816525	0.00023427063098717776	0.09368149930164645	1.8106881641779262e-05	0.0013523122036311478	0.03522476324909094	0.2629317198167862	0.057508547244478826	0.00026926384837699837	0.0240768979271623	0.23428835724473687	5.5267350874969234e-05	2.968491582780558e-06	0.13108427586304414	0.0	Gland cells
9264	2.2043459292085288e-14	3.7832411953166806e-13	2.854854635921124e-07	0.9999960434503083	3.290302399389559e-10	1.2859852496869497e-18	3.6167249487590236e-06	6.586727141802477e-14	3.419616739104306e-11	7.583542610480005e-11	6.643298576191187e-09	1.2463787338312118e-15	1.9154751570176387e-14	4.725643216022692e-08	2.3814701464071812e-17	3.437551276896743e-20	0.0	Central nervous system
10174	1.7662180295982065e-17	6.327678836156257e-19	0.002611242466475757	0.9321567006308493	1.2150996770715913e-08	9.960834429102084e-22	0.06523193349515283	1.2020422725322211e-13	1.9997333116759222e-10	1.0337572454451838e-10	6.831101695826053e-12	2.1005734780819567e-16	1.4676048515813555e-17	1.1094622469683596e-07	1.0873074941847277e-18	9.85854384182903e-35	0.0	Central nervous system
10340	2.1276929967795525e-21	2.130429760832051e-21	0.00013260523206181594	0.9841711888684628	2.9826918157499925e-11	1.0316913804003656e-23	0.01569613090235869	3.7617074628427805e-16	4.074917258473385e-11	1.290073188241034e-13	3.3007764930020985e-13	6.677378473447358e-20	3.531378921130946e-22	7.492608129210738e-08	5.9276706671835934e-21	2.3934485057692305e-38	0.0	Central nervous system
