{
  "Left eye": {
    "position": [
      70.98852643983105,
      121.02217692079869,
      218.4184352478732
    ]
  },
  "Nephridia1": {
    "position": [
      96.60291585539845,
      146.7972323927267,
      185.4679511451342
    ]
  },
  "Nephridia1-end-of-cilia": {
    "position": [
      70.98852643983105,
      121.02217692079869,
      218.4184352478732
    ],
    "view": [
      174.04825917939706,
      10.36809012953386,
      -5.569983118834367,
      -11165.611289377557,
      -11.73197046208067,
      159.42513426035973,
      -69.83771161342541,
      -2366.2978168440077,
      0.93961372654079,
      70.0531783817763,
      159.75915577178273,
      -43439.03476204738
    ]
  }
}