{
  "Figure 2B: Epithelial cell segmentation": {
    "Layers": {
      "sbem-6dpf-1-whole-raw": {},
      "sbem-6dpf-1-whole-segmented-cells": {
        "MaxValue": 1000,
        "MinValue": 0,
        "SelectedLabelIds": [
          4211,
          4724,
          4707,
          3031,
          4056,
          3181,
          4373
        ],
        "ShowSelectedSegmentsIn3d": true
      }
    },
    "Position": [
      123.52869410491485,
      149.1222916293258,
      54.60245703388086
    ],
    "View": [
      36.55960993152054,
      -74.95830868923713,
      0.0,
      7198.793896571635,
      74.95830868923713,
      36.55960993152054,
      0.0,
      -14710.354798757155,
      0.0,
      0.0,
      83.39875970238346,
      -4553.7771933283475
    ]
  },
  "Figure 2C: Muscle segmentation": {
    "Layers": {
      "sbem-6dpf-1-whole-raw": {},
      "sbem-6dpf-1-whole-segmented-cells": {
        "MaxValue": 1000,
        "MinValue": 0,
        "SelectedLabelIds": [
          1425,
          5385,
          5598,
          5795,
          6552,
          7044,
          7468,
          8264,
          8230,
          8231,
          8987,
          9185,
          10167,
          11273
        ],
        "ShowSelectedSegmentsIn3d": true
      }
    },
    "Position": [
      112.4385016688483,
      154.89179764379648,
      108.0387320192992
    ],
    "View": [
      162.5205891508259,
      0.0,
      0.0,
      -17292.571534457347,
      0.0,
      162.5205891508259,
      0.0,
      -24390.10620770031,
      0.0,
      0.0,
      162.5205891508259,
      -17558.518378884706
    ]
  },
  "Figure 2D: Nephridia segmentation": {
    "Layers": {
      "sbem-6dpf-1-whole-raw": {},
      "sbem-6dpf-1-whole-segmented-cells": {
        "MaxValue": 1000,
        "MinValue": 0,
        "SelectedLabelIds": [
          23090,
          23091,
          23431,
          23613,
          23614,
          23846,
          24962
        ],
        "ShowSelectedSegmentsIn3d": true
      },
      "sbem-6dpf-1-whole-segmented-cilia": {
        "MaxValue": 1000,
        "MinValue": 0,
        "SelectedLabelIds": [
          74,
          75,
          76,
          77,
          78,
          79,
          80,
          81,
          82,
          83,
          84,
          85,
          86,
          87,
          88,
          89,
          90,
          91,
          92,
          93,
          95,
          96,
          97,
          98,
          99,
          100,
          101,
          102,
          103,
          104,
          105,
          107,
          108,
          109,
          110,
          111,
          112,
          113,
          114,
          115,
          116,
          117,
          118,
          119,
          120,
          121,
          122,
          123,
          124,
          125,
          126,
          127,
          128,
          129,
          130,
          131,
          133,
          137,
          138,
          139,
          140,
          141,
          142,
          143,
          144,
          145,
          146,
          147,
          148,
          149,
          150,
          164,
          165,
          167,
          168,
          170,
          172,
          173,
          174,
          175,
          176,
          177,
          182,
          183,
          184
        ],
        "ShowSelectedSegmentsIn3d": true
      }
    },
    "Position": [
      83.30399191428275,
      134.014171679122,
      196.13224525293464
    ],
    "View": [
      49.66422153411607,
      111.54766791295017,
      0.0,
      -19052.196227198943,
      -111.54766791295017,
      49.66422153411607,
      0.0,
      3678.656514894519,
      0.0,
      0.0,
      122.10412408025985,
      -23948.556010504282
    ]
  },
  "Figure 5C: Gene clustering full body": {
    "Layers": {
      "sbem-6dpf-1-whole-raw": {},
      "sbem-6dpf-1-whole-segmented-cells": {
        "ColorByColumn": "clusters",
        "ColorMap": "Glasbey",
        "Tables": [
          "gene_clusters"
        ]
      }
    },
    "Position": [
      34.3200812765686,
      282.12761791060416,
      105.03347558347836
    ],
    "View": [
      -0.9529921731518778,
      1.1849892416847392,
      0.00814080433223175,
      376.53351985923825,
      -0.5079154826309126,
      -0.4178950423193335,
      1.3710745617220128,
      196.32270696996784,
      1.0706482326644668,
      0.8565185861315733,
      0.6576839143510288,
      -347.4711101247537
    ]
  },
  "Figure 6A: Assignment by overlap": {
    "Layers": {
      "prospr-6dpf-1-whole-msx": {
        "Color": "Green"
      },
      "prospr-6dpf-1-whole-patched": {
        "Color": "Blue"
      },
      "sbem-6dpf-1-whole-raw": {},
      "sbem-6dpf-1-whole-segmented-cells": {
        "SelectedLabelIds": [
          32095,
          31961
        ],
        "ShowSelectedSegmentsIn3d": false
      }
    },
    "Position": [
      119.96805985437719,
      99.19674811104227,
      263.3359252291697
    ],
    "View": [
      -13.194629461107638,
      10.214861012475334,
      0.30412004228770306,
      1308.0492653634751,
      9.677834961769312,
      12.330343938455595,
      5.73029230776116,
      -3359.034760194792,
      3.2825881491691082,
      4.706734959124246,
      -15.671802135929735,
      3266.795464793777
    ]
  },
  "Figure 6B: Assignment by overlap": {
    "Layers": {
      "prospr-6dpf-1-whole-lhx6": {
        "Color": "Green"
      },
      "prospr-6dpf-1-whole-wnt5": {
        "Color": "Blue"
      },
      "sbem-6dpf-1-whole-raw": {},
      "sbem-6dpf-1-whole-segmented-cells": {
        "SelectedLabelIds": [
          6766,
          6913
        ],
        "ShowSelectedSegmentsIn3d": false
      }
    },
    "Position": [
      196.76744017557536,
      178.25856120112738,
      71.18235953395656
    ],
    "View": [
      -6.194255640646106,
      7.933757678523062,
      0.04504878697308157,
      629.360918560249,
      7.898413563957639,
      6.161063641179686,
      0.9857490646362296,
      -2224.580902902456,
      0.749402073270016,
      0.6419712954778718,
      -10.017066068703377,
      451.14359129392136
    ]
  },
  "Figure 6F: Level of gene expression after virtual cell assignment": {
    "Layers": {
      "sbem-6dpf-1-whole-raw": {},
      "sbem-6dpf-1-whole-segmented-cells": {
        "Tables": [ "vc_assignments" ],
        "ColorByColumn": "expression_sum",
        "ColorMap": "Glasbey"
      },
      "sbem-6dpf-1-whole-segmented-outside": {}
    },
    "Position": [
      151.49356333542673,
      142.11330737746303,
      124.51951538415905
    ],
    "View": [
      -1.6868627317328129,
      2.5114207685721133,
      -0.040111647775085676,
      666.6372173919165,
      -1.0506500045055518,
      -0.6616293061174092,
      2.7591176716716426,
      356.629046586707,
      2.2814420415901586,
      1.5522118029711398,
      1.2409713237596134,
      -720.738885334493
    ]
  },
  "Left eye": {
    "Position": [
      177.0,
      218.0,
      67.0
    ]
  },
  "Symmetric cell pairs": {
    "Layers": {
      "sbem-6dpf-1-whole-raw": {},
      "sbem-6dpf-1-whole-segmented-cells": {
        "ColorByColumn": "pair_index",
        "ColorMap": "Glasbey",
        "Tables": [
          "symmetric_cells"
        ]
      },
      "sbem-6dpf-1-whole-segmented-outside": {}
    },
    "Position": [
      151.49356333542673,
      142.11330737746303,
      124.51951538415905
    ],
    "View": [
      -1.6868627317328129,
      2.5114207685721133,
      -0.040111647775085676,
      666.6372173919165,
      -1.0506500045055518,
      -0.6616293061174092,
      2.7591176716716426,
      356.629046586707,
      2.2814420415901586,
      1.5522118029711398,
      1.2409713237596134,
      -720.738885334493
    ]
  },
  "Figure 4B: Genes Overlay (I)": {
    "Layers": {
      "prospr-6dpf-1-whole-mhc": {
        "Color": "Red"
      },