{
    "Figure 5C: Gene clustering full body": {
    "Layers": {
      "sbem-6dpf-1-whole-raw": {},
      "sbem-6dpf-1-whole-segmented-cells": {
        "Tables": {
		  "gene_clusters":["clusters", "glasbey"]    
        }
       }
	},
    "Position": [
	  34.3200812765686,
	  282.12761791060416,
	  105.03347558347836
    ],
    "View": [
	  -0.9529921731518778, 
	  1.1849892416847392, 
	  0.00814080433223175, 
	  376.53351985923825, 
	  -0.5079154826309126, 
	  -0.4178950423193335, 
	  1.3710745617220128, 
	  196.32270696996784, 
	  1.0706482326644668, 
	  0.8565185861315733, 
	  0.6576839143510288, 
	  -347.4711101247537
    ]
  },
  "Figure 2B: Epithelial cell segmentation": {
    "Layers": {
      "sbem-6dpf-1-whole-raw": {},
      "sbem-6dpf-1-whole-segmented-cells": {
        "MaxValue": 1000,
        "MinValue": 0,
        "SelectedLabelIds": [
          4136,
          4645,
          4628,
          3981,
          2958,
          3108,
          4298
        ],
        "ShowSelectedSegmentsIn3d": true
      }
    },
    "Position": [
      123.52869410491485,
      149.1222916293258,
      54.60245703388086
    ],
    "View": [
      36.55960993152054,
      -74.95830868923713,
      0.0,
      7198.793896571635,
      74.95830868923713,
      36.55960993152054,
      0.0,
      -14710.354798757155,
      0.0,
      0.0,
      83.39875970238346,
      -4553.7771933283475
    ]
  },
  "Figure 2C: Muscle segmentation": {
    "Layers": {
      "sbem-6dpf-1-whole-raw": {},
      "sbem-6dpf-1-whole-segmented-cells": {
        "MaxValue": 1000,
        "MinValue": 0,
        "SelectedLabelIds": [
          1350,
          5312,
          5525,
          5720,
          6474,
          6962,
          7386,
          8143,
          8144,
          8177,
          8178,
          8885,
          10027,
          11092
        ],
        "ShowSelectedSegmentsIn3d": true
      }
    },
    "Position": [
      112.4385016688483,
      154.89179764379648,
      108.0387320192992
    ],
    "View": [
      162.5205891508259,
      0.0,
      0.0,
      -17292.571534457347,
      0.0,
      162.5205891508259,
      0.0,
      -24390.10620770031,
      0.0,
      0.0,
      162.5205891508259,
      -17558.518378884706
    ]
  },
  "Figure 2D: Nephridia segmentation": {
    "Layers": {
      "sbem-6dpf-1-whole-raw": {},
      "sbem-6dpf-1-whole-segmented-cells": {
        "MaxValue": 1000,
        "MinValue": 0,
        "SelectedLabelIds": [
          22925,
          22181,
          22925,
          22182,
          22515,
          22700,
          22699,
          24024,
          25520,
          22370
        ],
        "ShowSelectedSegmentsIn3d": true
      },
      "sbem-6dpf-1-whole-segmented-cilia": {
        "MaxValue": 1000,
        "MinValue": 0,
        "SelectedLabelIds": [],
        "ShowSelectedSegmentsIn3d": true
      }
    },
    "Position": [
      83.30399191428275,
      134.014171679122,
      196.13224525293464
    ],
    "View": [
      49.66422153411607,
      111.54766791295017,
      0.0,
      -19052.196227198943,
      -111.54766791295017,
      49.66422153411607,
      0.0,
      3678.656514894519,
      0.0,
      0.0,
      122.10412408025985,
      -23948.556010504282
    ]
  },
  "Left eye": {
    "Position": [
      177.0,
      218.0,
      67.0
    ]
  }
}