{"Nephridia1": {"Position": [96.60291585539845,146.7972323927267,185.4679511451342]},
 "Nephridia1-end-of-cilia": { "Position": [70.98852643983105,121.02217692079869,218.4184352478732]},
 "Left eye": {"Position": [177.0, 218.0, 67.0]}
}
